title,year,duration,genres,rating,directors,cast
tt0115953,1996,90,"Crime, Mystery, Thriller",3.9,nm0915394,"nm0023858, nm0001614, nm0518715, nm0001457"
tt0283453,2003,95,"Drama, Romance, Thriller",5.5,nm0557751,"nm0000117, nm0121605, nm0000998, nm0694052"
tt0447619,2006,102,"Adventure, Crime, Drama",4.8,nm0630112,"nm0000899, nm0000366, nm0001953, nm0098793"
tt0097493,1988,103,"Comedy, Crime",7.2,nm0499724,"nm0000213, nm0000225, nm0001147, nm0266170"
tt1453403,2010,100,"Crime, Drama",4.1,nm0025640,"nm0290556, nm0629855, nm0233027, nm0524197"
tt1018818,2008,93,"Comedy, Crime, Mystery",6.2,nm1843195,"nm1107127, nm0059215, nm0000246, nm0001650"
tt1214973,2007,94,"Drama, Music",7.4,nm0345146,"nm0422639, nm2974534, nm0422659"
tt0066531,1970,83,"Comedy, Drama",6.2,nm0305557,"nm0007023, nm0812843, nm0694934, nm0018872"
tt3784566,2014,86,Drama,6.7,nm0546686,"nm5268796, nm6550916, nm6550917, nm6662510, nm0052600, nm5104702, nm7148963"
tt0367975,2003,106,"Comedy, Romance",7.6,nm0037136,"nm0560412, nm0872922, nm0305132, nm0142762"
tt0041975,1949,80,Comedy,6.8,nm0103855,"nm0869451, nm0133521, nm0131039, nm0555807"
tt0097534,1989,96,Horror,4.4,nm0839237,"nm0205289, nm0146206, nm0796148, nm0170450"
tt0313911,2003,102,"Action, Adventure, Comedy",5.1,nm0958969,"nm0005260, nm0240381, nm0290075"
tt0184316,1955,107,"Comedy, Family, Fantasy",8.1,nm0954713,"nm0921276, nm0121512, nm0434250, nm0617235"
tt0026221,1935,94,"Action, Adventure, Biography",6.2,nm0092915,"nm0172903, nm0949835, nm0166972, nm0514250"
tt0063529,1968,67,Drama,6.7,nm0308042,"nm0856187, nm0480942, nm0733202"
tt4276752,2015,127,"Action, Adventure, Drama",5.9,nm4069612,"nm1179512, nm2348646, nm0795517, nm2854802"
tt1046936,2009,97,"Drama, Horror, Mystery",5.1,nm0826814,"nm0001828, nm0544611, nm1715189, nm1100839"
tt0066184,1970,113,"Comedy, Drama, Romance",5.7,nm0828419,"nm0000072, nm0000886, nm0105493, nm0377846"
tt0055402,1961,90,Drama,6.1,nm0724798,"nm0001665, nm0598971, nm0226947, nm0870038"
tt0084675,1982,124,Drama,6.8,nm0000570,"nm0001215, nm0000473, nm0000261, nm0000693"
tt0075652,1977,127,"Biography, Drama",6.3,nm0146960,"nm0761212, nm0430746, nm0694293, nm0514059"
tt1858582,2011,56,"Comedy, Drama",7.1,nm2145328,"nm0531195, nm2662182, nm2684816, nm2099990"
tt5542802,2017,147,"Action, Drama, Fantasy",4.7,nm1803649,"nm5305841, nm2138653, nm3822770, nm3818286"
tt1194615,2008,110,"Drama, Romance",6.4,nm0380097,"nm0022764, nm0078452, nm3362726, nm1936997"
tt0478165,2006,90,"Horror, Thriller",3.5,nm0331355,"nm1671908, nm0619295, nm1855856, nm2024927"
tt1130089,2010,45,Documentary,6.1,nm0522844,nm12445246
tt0439833,2006,95,"Crime, Drama, Thriller",6.3,nm0432420,"nm1056583, nm5846858, nm0000855, nm2064540"
tt2332857,2012,83,Horror,2.2,nm0003265,"nm0453304, nm4978849, nm3730912, nm3989537"
tt4682562,2015,111,"Mystery, Thriller",6.0,nm2974384,"nm2163344, nm3483035, nm0453440, nm1494129"
tt3215486,2014,156,"Comedy, Drama, Romance",4.7,nm5269807,"nm3561350, nm1521381, nm1495762, nm1962272"
tt0114753,1995,85,"Comedy, Drama",6.1,nm0001226,"nm0000199, nm0001512, nm0056362, nm0097371"
tt8956284,2022,114,"Comedy, Drama, Music",6.9,nm0782430,"nm0859245, nm13358040, nm0716795, nm0561356"
tt13698942,2022,92,"Drama, Thriller",5.1,nm4320125,"nm0386472, nm0098378, nm2230865, nm0001826"
tt0112654,1995,104,"Comedy, History, Romance",6.5,nm0889513,"nm0000733, nm0681566, nm0000052, nm0305488, nm0310865, nm0218843, nm0758406"
tt0096302,1988,84,"Action, Comedy",5.3,nm0308877,"nm0828770, nm0055733, nm0700072, nm0001108"
tt0015174,1924,129,"Adventure, Drama, Fantasy",7.9,nm0000485,"nm0084430, nm0778159, nm0036459, nm0519765, nm0611052"
tt0181547,1998,94,"Crime, Drama",6.4,nm0316230,"nm0660197, nm0467799, nm0367186, nm0689950"
tt0172761,1998,165,"Action, Drama, Romance",5.3,nm0025627,"nm0000821, nm0222426, nm0007114, nm0019465"
tt11112784,2022,99,"Comedy, Drama",5.8,nm1895361,"nm1701024, nm1012534, nm3612526, nm2316384"
tt0046094,1953,99,"Comedy, Romance",6.7,nm0695937,"nm0000034, nm0000057, nm0573704, nm0876451"
tt0071145,1974,131,Drama,7.8,nm0070867,"nm0000818, nm0576404, nm0619047, nm0854918"
tt0072958,1975,100,"Drama, Fantasy",6.9,nm0631799,"nm0874782, nm0601379, nm0872544, nm0517726"
tt7469726,2017,137,"Drama, Romance",7.5,nm9323057,"nm3822770, nm3713653, nm0706953, nm1320935"
tt0026406,1935,95,"Comedy, Fantasy, Horror",6.7,nm0163229,"nm0232196, nm0662335, nm0657874, nm0006471"
tt0086325,1983,85,"Action, Comedy, Crime",3.5,nm0523310,"nm0001276, nm0715274, nm0931437, nm0566588"
tt3421116,2013,106,"Comedy, Drama, Romance",5.0,nm1699679,"nm1698635, nm3113502, nm1727920, nm0258783"
tt0116621,1996,113,"Biography, Drama, Romance",5.9,nm0000277,"nm0000113, nm0000563, nm0040015, nm0825784"
tt0059390,1965,105,"Action, Comedy, Crime",5.9,nm0002153,"nm0001792, nm0002145, nm0001762, nm0405035"
tt7158514,2017,110,"Adventure, Comedy",5.5,nm5322992,"nm2693765, nm2534580, nm1417112, nm4852549"
tt0037136,1944,85,"Drama, War",7.0,nm0211964,"nm0402554, nm0461594, nm0871287, nm0738186"
tt0109190,1994,99,"Adventure, Comedy, Crime",6.2,nm0425957,"nm0001223, nm0001505, nm0001592, nm0355083"
tt0867295,2008,84,"Drama, Horror, Thriller",3.5,nm0706973,"nm0005402, nm0001698, nm0001621, nm1228504"
tt9574922,2019,89,Drama,6.5,nm5175685,"nm0525715, nm1085921, nm8300827, nm10387867"
tt0074747,1976,104,"Action, Thriller",4.9,nm0516344,"nm0000329, nm0911093, nm2313503, nm0950528"
tt3469046,2017,89,"Adventure, Animation, Comedy",6.2,"nm0049633, nm1853544, nm3210494","nm0136797, nm1325419, nm0005295, nm1388927"
tt10295314,2022,102,"Action, Crime, Mystery",3.7,nm0784008,"nm0477127, nm0275913, nm3596195, nm12871293"
tt1629718,2010,112,Comedy,5.6,nm0630197,"nm0301426, nm0538855, nm0855256, nm0711788"
tt18671246,2022,110,Comedy,6.1,nm1292192,"nm2662182, nm2015893, nm0000218, nm6664420"
tt0906777,2007,95,"Crime, Drama, Mystery",5.9,nm0387976,"nm0201857, nm0673391, nm0246638, nm0682876"
tt6712026,2017,150,"Action, Drama, Thriller",7.1,nm0433895,"nm4043111, nm7371790, nm0707388, nm3163756"
tt0041929,1949,93,"Drama, Western",6.6,nm0272059,"nm0000034, nm0136994, nm0293530, nm0000904"
tt0084021,1982,115,"Comedy, Music, Musical",4.5,nm0083279,"nm0000201, nm0001028, nm0005167, nm0853808"
tt0120754,1998,105,"Comedy, Romance",5.1,nm0803966,"nm0000205, nm0000562, nm0156314, nm0001527"
tt0119499,1997,92,"Action, Sci-Fi, Thriller",3.7,nm0444848,"nm0001367, nm0748075, nm0936198, nm0001662"
tt1522157,2009,88,Horror,3.5,"nm1056756, nm1651758","nm1659452, nm4184782, nm3442130, nm3539733"
tt1204938,2008,100,"Comedy, Romance",4.6,nm0921264,"nm0010611, nm2218624, nm0879203, nm0843772"
tt12792532,2020,92,Drama,6.0,"nm3264388, nm4386989","nm7557188, nm3588254, nm1871951, nm2031641"
tt0049955,1956,91,"Crime, Drama, Film-Noir",5.8,nm0395105,"nm0000063, nm0645120, nm0291821, nm0732717"
tt0095985,1989,101,"Drama, War",4.9,nm0572132,"nm0000961, nm0851182, nm0001786, nm0002081"
tt0095173,1988,90,"Comedy, Horror, Sci-Fi",3.7,nm0756277,"nm0087578, nm0430074, nm0268614, nm0795294"
tt0847750,2007,101,"Action, Drama, Mystery",6.1,nm1098886,"nm2362652, nm1679552, nm0699659, nm0953168"
tt3026124,2016,95,"Comedy, Drama, Family",5.8,nm0435958,"nm1667480, nm1260080, nm3831355, nm2943500, nm3118198, nm3680095"
tt23846664,2023,157,"Action, Comedy, Crime",5.1,nm2056772,"nm1094012, nm10033951, nm0707362, nm4710099"
tt0041144,1949,86,Drama,6.5,nm0627087,"nm0001559, nm0634313, nm0943553, nm0322299"
tt1043791,2007,85,Horror,3.4,"nm2597539, nm2227574, nm2669146","nm2201012, nm2667309, nm2226812, nm2669455"
tt1772250,2011,97,"Drama, Horror, Mystery",7.3,nm1223381,"nm0306357, nm3599039, nm5415981"
tt14775666,2021,97,Drama,6.6,nm9645596,"nm12647561, nm12647597, nm12647598, nm12715870"
tt0780606,2006,91,"Crime, Drama, Mystery",6.6,nm0646987,"nm0020354, nm0817819, nm0940712, nm0796036"
tt0032312,1940,57,"Drama, Western",6.0,nm0437356,"nm0001678, nm0371025, nm0824496, nm0000890"
tt7587604,2021,119,"Action, Adventure, Fantasy",4.8,nm3469952,"nm0465503, nm3073218, nm0514998, nm4566716"
tt0430377,2002,95,"Animation, Biography, Drama",7.5,nm0723704,"nm0252832, nm0258268, nm1747300, nm6075360"
tt1764581,2012,92,"Comedy, Sport",5.6,nm4160501,"nm0193135, nm0184698, nm0303902, nm2256017"
tt0064846,1969,103,Comedy,6.8,nm0757790,"nm0814773, nm0302837, nm0535991, nm0329746"
tt0185997,1974,90,Comedy,5.7,nm0002192,"nm0138405, nm0000804, nm0000945, nm0547339"
tt6566576,2021,107,"Drama, Horror, Mystery",6.2,nm4074404,"nm2854112, nm7326511, nm4652001, nm10200499"
tt0180728,1987,87,"Comedy, Musical",5.1,nm0229210,"nm0503190, nm0092482, nm0438732, nm0327213"
tt16411452,2023,107,"Comedy, Drama, Romance",6.5,nm0899535,"nm2737012, nm3639136, nm1073929, nm1308063"
tt0360960,2004,122,"Drama, Romance",7.6,nm0302780,"nm1318578, nm1241910, nm0794818, nm0451234"
tt0380249,2008,86,"Comedy, Drama, Fantasy",6.8,nm1452689,"nm0705648, nm0463827, nm1292973, nm0422504"
tt0077190,1977,138,Drama,7.5,nm0006590,"nm0151572, nm0232345, nm0823828, nm0315233"
tt0188404,1983,84,"Animation, Family, Fantasy",7.4,"nm0311590, nm0418142, nm0472243, nm0436537","nm0070250, nm0508894, nm0527589, nm0378056"
tt1547039,2009,136,Romance,5.3,nm1298259,"nm0159535, nm0052321, nm0084443, nm3387450, nm3372981"
tt15040634,2021,83,"Horror, Thriller",4.9,nm2386983,"nm4077057, nm1787501, nm1490192, nm2267725"
tt0064180,1969,110,Drama,6.6,nm0320113,"nm0001800, nm0000476, nm0087599, nm0183082"
tt1173941,2009,95,"Action, Crime, Romance",4.3,nm0108333,"nm0510694, nm0896628, nm0635974, nm0031973"
tt0026313,1935,66,"Comedy, Drama, Romance",5.7,nm0064600,"nm0362267, nm0604656, nm0018540, nm0654239"
tt0122116,1977,102,"Action, Drama, Sci-Fi",4.2,nm0655463,"nm0808533, nm0562919, nm0950026, nm0525820"
tt14906708,2022,110,Drama,6.6,nm5921218,"nm6422163, nm3165278, nm12689809, nm12741353"
tt0059797,1965,138,"Adventure, Comedy, Family",7.0,nm0002175,"nm0926183, nm0587234, nm0289038, nm0814773"
tt3202202,2015,163,"Drama, Romance",7.3,nm2692858,"nm1832584, nm1246047, nm3475396, nm2523877"
tt0093702,1988,90,Comedy,4.1,nm0546765,"nm0627624, nm0001520, nm0752636, nm0633595"
tt7708470,2020,133,"Family, Horror",2.9,nm3401963,"nm0928244, nm0461110, nm6399460, nm3048151"
tt11880600,2020,88,Drama,7.3,nm1245377,"nm2975619, nm3192510, nm2821544, nm5034843"
tt0214799,1985,142,Drama,8.2,nm0313489,"nm1964412, nm0039596, nm0044183, nm4583842, nm0329727, nm1731922, nm1432906"
tt0076639,1977,104,"Drama, Music, Romance",6.0,nm0412465,"nm0942863, nm0414279, nm0210524, nm0457041"
tt0063254,1968,85,Comedy,5.7,nm0414672,"nm0470125, nm0903212, nm0775120, nm0255678"
tt5287914,2016,69,"Comedy, Drama",6.1,nm2080179,"nm3339194, nm1185083, nm3149118, nm4414476"
tt14880310,2021,100,"Crime, Documentary, Mystery",6.8,nm5390922,nm0319843
tt2651370,2014,80,"Drama, Mystery",7.1,nm1574929,"nm5485496, nm4845909, nm6846361, nm3448738"
tt2209764,2014,119,"Action, Drama, Sci-Fi",6.2,nm0002892,"nm0000136, nm0356017, nm0000151, nm0614165"
tt4685940,2018,84,"Horror, Thriller",4.3,nm1596592,"nm0470981, nm1229204, nm4545813, nm1577637"
tt0048603,1955,103,"Adventure, Biography, History",5.9,nm0916271,"nm0250724, nm0000063, nm0719692, nm0001374"
tt0255321,2000,90,Drama,6.9,nm0001241,"nm0097405, nm0001324, nm0045661, nm0366234"
tt0125828,1997,96,Drama,6.8,nm0255411,"nm0461746, nm0377580, nm0159867, nm0527937"
tt0765442,2008,125,Drama,6.6,nm0000766,"nm0000353, nm0004486, nm0681566, nm0001393"
tt0042496,1950,80,"Crime, Drama, Film-Noir",6.2,nm0005898,"nm0001514, nm0601930, nm0000904, nm0153178"
tt0092086,1986,104,"Comedy, Western",6.5,nm0000484,"nm0000188, nm0000331, nm0001737, nm0000778"
tt8446886,2018,94,Drama,6.8,nm3901401,"nm4580178, nm4089169, nm1823036, nm8640543"
tt0103003,1991,90,"Action, Comedy, Sci-Fi",4.6,nm0447944,"nm0001356, nm0000502, nm0001167, nm0588777"
tt0120274,1998,115,"Drama, Musical",7.0,nm0767022,"nm0813691, nm0621507, nm0535502, nm0178690"
tt0412044,2005,104,"Drama, Romance",6.1,nm0805935,"nm1235530, nm1632448, nm1306097, nm1626074"
tt0116763,1996,160,"Drama, Musical, Romance",7.5,nm0080220,"nm0463539, nm0007113, nm0006795, nm0084443"
tt0182916,1981,81,"Action, Comedy, Romance",6.8,nm0862605,"nm0951019, nm0839017, nm1022210, nm0947995, nm4028864"
tt0086319,1984,83,"Comedy, Drama",7.6,nm0579954,"nm0398703, nm0361570, nm0814162, nm0148393"
tt1173946,2009,92,"Action, Comedy, Drama",4.8,nm2348172,"nm0701566, nm2626543, nm0537713, nm0434511"
tt0073205,1975,110,"Crime, Thriller",5.4,nm0167496,"nm0773932, nm0739185, nm0607558, nm0001816"
tt0114615,1995,162,"Action, Comedy, Fantasy",6.5,nm0613517,"nm1566068, nm0893142, nm0849199, nm2147526, nm0073426"
tt2375443,2014,93,"Drama, Thriller",3.6,nm1358366,"nm0000411, nm0001194, nm0353243, nm0703831"
tt0047265,1955,120,"Drama, Romance",6.3,nm0160108,"nm0000964, nm0138987, nm0157067, nm0291289"
tt0068649,1972,81,"Comedy, Crime, Horror",5.1,nm0504496,"nm0470930, nm0268171, nm0523901, nm0950267"
tt6334354,2021,132,"Action, Adventure, Comedy",7.2,nm0348181,"nm3053338, nm0252961, nm1078479, nm1172478"
tt0495026,2007,109,Drama,6.4,nm0248063,"nm0177970, nm0549815, nm0513281, nm1612234"
tt1226271,2009,98,"Biography, Drama, Sport",7.5,nm0393799,"nm0000538, nm0329094, nm0740581, nm0714740"
tt7329656,2019,90,"Adventure, Drama, Horror",5.0,nm1266897,"nm4563869, nm1010724, nm2769343, nm1875985"
tt15679400,2023,100,"Horror, Mystery, Thriller",6.1,nm0796117,"nm1176985, nm2676147, nm3198781, nm0025458"
tt0040619,1949,97,"Drama, History",7.0,nm0490444,"nm0215744, nm0785286, nm0078643, nm0131036"
tt0780565,2007,100,"Comedy, Drama",6.6,nm0093081,"nm0632385, nm0880554, nm0904808, nm0554614"
tt5076054,2017,93,"Action, Comedy, Thriller",5.9,nm1840944,"nm0406099, nm1662644, nm0350350, nm0857998"
tt20199226,2022,85,"Adventure, Animation, Comedy",5.2,nm4550957,"nm3436464, nm9960439, nm14161669, nm3403693"
tt0309754,1991,110,"Crime, Drama",6.5,nm0331471,"nm0383679, nm0619938, nm0644713, nm0609403"
tt6066280,2017,100,"Comedy, Drama",4.5,nm7039377,"nm2056851, nm6734834, nm3026933, nm8441946"
tt3254796,2014,103,"Comedy, Family, Mystery",5.7,nm0872765,"nm0000171, nm0933940, nm0000155, nm0382632"
tt12779696,2020,90,"Crime, Drama",5.5,nm1031732,"nm0931654, nm4261387, nm3049312, nm6274326"
tt0410466,2004,126,"Drama, Music",6.9,nm0337833,"nm0584757, nm0753696, nm0520870, nm0687914"
tt0045954,1953,73,Western,5.8,nm0623401,"nm0001330, nm0588322, nm0533692, nm0788288"
tt0207374,1983,86,"Drama, Fantasy",2.5,nm0011467,"nm0829327, nm0396561, nm0781787, nm0140709"
tt0082644,1981,189,"Action, Drama, Musical",7.0,nm0576488,"nm0000821, nm0023868, nm0347901, nm0451166"
tt0119630,1997,106,"Action, Comedy, Thriller",5.2,nm0002337,"nm0001772, nm0440229, nm0002084, nm0925966"
tt0037056,1944,95,"Drama, War",5.9,nm0080868,"nm0183459, nm0725897, nm0535169, nm0260722"
tt1531901,2012,118,"Drama, Fantasy, Horror",6.5,nm0001403,"nm1519680, nm2605345, nm0727165, nm2655177"
tt5349428,2016,124,"Action, Thriller",6.7,nm4690425,"nm2500160, nm5796361, nm4521975, nm0008713"
tt0051579,1958,122,"Crime, Drama, Romance",6.7,nm0002193,"nm0300064, nm0000003, nm0275428, nm0074303"
tt1517493,2009,85,Comedy,4.4,"nm0001945, nm0243191","nm0149260, nm0782565, nm0000272, nm0620964"
tt3860294,2014,95,Comedy,5.6,"nm0161904, nm1399392, nm0892979","nm1494943, nm1616937, nm0659668, nm0603090"
tt1023500,2009,89,"Comedy, Horror, Sci-Fi",6.0,nm0922115,"nm0245705, nm0164929, nm0555564, nm0408846"
tt0388500,2005,105,Comedy,5.6,nm0937306,"nm0001451, nm0000224, nm0005023, nm0000510"
tt0235198,1999,115,"Drama, Horror, Mystery",7.1,nm0586281,"nm0410903, nm0793402, nm0768017, nm0475165"
tt0046480,1953,95,"Drama, Romance, War",6.5,nm0514822,"nm0000018, nm0732184, nm0479209, nm0234264"
tt0038151,1945,76,"Action, Adventure",6.2,nm0627087,"nm0919321, nm0431502, nm0790788, nm0827261"
tt0423034,2005,134,"Fantasy, Horror",6.2,"nm0423228, nm1701244, nm0766211, nm1699753","nm0038355, nm0197301, nm0361660, nm0394724"
tt0119229,1997,107,"Action, Comedy, Crime",7.3,nm0000786,"nm0000131, nm0000378, nm0000101, nm0000349"
tt0046072,1954,90,"Comedy, Romance",6.8,nm0623768,"nm0000060, nm0341692, nm0820105, nm0340205"
tt0107962,1993,94,"Action, Drama, Sport",4.5,nm0612671,"nm0933310, nm0285768, nm0724784, nm0414979"
tt2271315,2012,100,"Action, Adventure, Animation",6.6,nm0476417,"nm2137792, nm0435358, nm1878161, nm1778686"
tt3351004,2014,92,Comedy,5.5,nm0889402,"nm0578633, nm0316271, nm0813035, nm0664671"
tt0099479,1990,99,"Action, Crime, Drama",6.1,nm0410673,"nm0049121, nm0439586, nm0065060, nm0843552"
tt1532261,2009,96,Action,5.7,nm2622478,"nm0476544, nm2463178, nm4968198, nm1188554"
tt0123368,1965,100,"Drama, War",7.2,nm0117432,"nm0532714, nm0770658, nm0698324, nm0011553"
tt0358273,2005,136,"Biography, Drama, Music",7.8,nm0003506,"nm0001618, nm0000702, nm0329481, nm0001598"
tt28682039,2023,87,Horror,4.3,nm0573732,"nm4502102, nm0005315, nm0000276, nm3303404"
tt3367686,2015,89,"Action, Horror, Mystery",3.5,nm0040630,"nm0518715, nm0001108, nm0001418, nm0178757"
tt9578746,2020,89,"Family, Sci-Fi",4.4,nm2593537,"nm7414355, nm9159694, nm5687735, nm3679148"
tt15429650,2022,82,Thriller,5.0,nm8601075,"nm2397571, nm8601076, nm9559859, nm1173872"
tt0072320,1974,107,"Comedy, Crime, Horror",6.2,nm0320929,"nm0681566, nm0002769, nm0327387, nm0110274"
tt7158736,2018,102,"Adventure, Family",5.3,nm1502159,"nm7256773, nm6279295, nm7663768, nm8039164"
tt19514578,2023,132,"Drama, Family",7.7,nm9403571,"nm7630834, nm5237591, nm1189762, nm7936546"
tt0889136,2007,88,Drama,6.7,nm0172718,"nm0000538, nm0641525, nm0175796, nm0189724"
tt1158936,2009,110,Drama,6.8,nm0002020,"nm1249052, nm1482028, nm1731613, nm1656041"
tt10098494,2019,93,"Action, Crime",6.0,"nm10581101, nm2663329, nm10581102","nm0156533, nm2186770, nm0156567, nm0155587"
tt9893824,2020,91,Horror,4.5,nm0191258,"nm3768164, nm1570191, nm1002664, nm6522322"
tt1754589,2011,90,"Horror, Thriller",3.7,nm2213371,"nm1708649, nm2680299, nm1665603, nm2737789"
tt6763794,2017,138,Crime,6.1,nm2284321,"nm11982931, nm7848051, nm4787081, nm2128968"
tt0045661,1953,80,"Crime, Drama, Film-Noir",6.1,nm0507390,"nm0002094, nm0837959, nm0000917, nm0002016"
tt0047844,1955,81,Western,6.3,nm0921288,"nm0534045, nm0540416, nm0000974, nm0720568"
tt1056231,2008,84,Drama,7.0,nm1138158,"nm0864458, nm1145290, nm1417948, nm0313687"
tt1560479,2012,97,"Horror, Thriller",2.3,nm2102632,"nm1063422, nm2580743, nm2910281, nm3722303"
tt6664700,2018,103,"Horror, Mystery",4.3,nm1304669,"nm1756186, nm1631633, nm1067459, nm2289568"
tt1692504,2010,99,"Drama, Fantasy, Horror",6.2,nm0304541,"nm0378932, nm0396125, nm1457472, nm1389342"
tt1828289,2011,143,"Action, Crime, Drama",7.0,nm0223606,"nm0007113, nm1897033, nm1267008, nm0440604"
tt0460275,2006,118,"Comedy, Romance",6.0,nm1918500,"nm0605224, nm0563501, nm0285456, nm1416800"
tt0058564,1964,118,"Comedy, Drama",7.9,nm0314584,"nm0882237, nm0762248, nm0700112, nm0125627"
tt27641028,2023,155,"Action, Adventure, Animation",6.6,nm14805321,"nm3426369, nm2569233, nm0436778"
tt0358456,2005,95,Documentary,8.6,nm0598671,nm0001618
tt9196192,2020,96,Drama,3.6,nm5057444,"nm10509265, nm10509266, nm10509267, nm10509268"
tt2769896,2013,76,"Animation, Family",6.8,nm1302411,"nm0345039, nm0406082, nm0117561, nm0175758"
tt0431449,2005,95,Comedy,6.1,nm1334773,"nm1594999, nm1249052, nm0676070, nm0603737"
tt0051706,1958,78,"Crime, Horror, Mystery",6.2,nm0206560,"nm0000472, nm0206060, nm0083254, nm0330156"
tt5821276,2016,117,"Comedy, Drama",7.3,nm3411081,"nm4448884, nm1269618, nm0619870, nm4346542"
tt0161454,1974,118,"Comedy, Crime, Drama",6.3,nm0217035,"nm0134594, nm0411281, nm0647424, nm0758346"
tt0081721,1990,100,"Drama, Family, Fantasy",6.2,nm0747808,"nm0001409, nm0678113, nm0286612, nm0459325"
tt1274273,2011,84,"Drama, Horror, Sci-Fi",3.8,nm2781136,"nm1268748, nm1792652, nm1724742, nm2374864"
tt0044134,1951,93,Drama,7.1,nm0663653,"nm0203791, nm0628579, nm0371687, nm0153205"
tt2417568,2012,114,"Drama, Romance",5.7,nm1314647,"nm0497455, nm5293307, nm3485729, nm0066223"
tt4886070,2015,93,Drama,6.4,nm4127109,"nm5041879, nm2775648, nm7476687, nm7476688"
tt1124396,2008,95,"Action, Adventure, Comedy",3.0,nm0049592,"nm1125711, nm2480813, nm0303366, nm0831190"
tt10166508,2021,86,Horror,4.0,nm2318036,"nm7914406, nm1065895, nm6475198, nm10209639"
tt0928154,2006,107,Romance,6.5,nm2493085,"nm1110374, nm1105090, nm2024644, nm1970860, nm3727229, nm1161470"
tt0184756,1987,119,"Comedy, Drama, Music",8.4,nm0877078,"nm0784038, nm0951309, nm0784039, nm1758757"
tt14605182,2021,102,"Action, Comedy",6.3,nm7239446,"nm1989047, nm3737209, nm3763260, nm4206125, nm5157587, nm2931280, nm0441548, nm2865407"
tt15315164,2022,120,"Crime, Drama, Mystery",5.7,nm3826513,"nm0474774, nm5114849, nm6293193, nm0802103"
tt0406941,2005,128,"Action, Drama, Sci-Fi",5.2,"nm0383688, nm0323219","nm0945131, nm1070494, nm0945839, nm1539737"
tt0159373,1999,124,Drama,5.3,nm0580337,"nm0000627, nm0415528, nm0928134, nm0046002"
tt16358200,2023,110,Romance,5.1,nm3192314,"nm9649124, nm11233713, nm5364484, nm13191704"
tt9081232,2019,127,"Action, Thriller",4.4,nm3894644,"nm4925980, nm10170104, nm8528996, nm3809856"
tt6002232,2017,93,"Drama, Thriller",7.5,nm0499488,"nm0238475, nm1616970, nm8390021, nm5509170"
tt5504810,2017,86,"Crime, Drama",4.8,nm2880164,"nm0305558, nm4297691, nm1465580, nm3588254"
tt4730838,2016,75,"Animation, Family, Musical",6.8,nm1302411,"nm6931537, nm0388732, nm0616927, nm2064587"
tt28080602,2023,115,"Comedy, Crime",9.4,"nm11933249, nm5852403","nm5705032, nm14966240, nm14590283, nm5852408"
tt2265116,2013,85,"Action, Sci-Fi, War",2.3,nm3952039,"nm5156794, nm6324155, nm6324150, nm6190804"
tt15548032,2022,109,"Drama, Romance",4.1,nm1801574,"nm13499477, nm10647052, nm12361737, nm10688994"
tt0079020,1979,90,"Documentary, Drama, Western",7.4,nm0001178,nm0094083
tt0225029,1997,153,"Action, Comedy, Crime",4.5,nm0223485,"nm0474774, nm0007107, nm0451600, nm0539596"
tt10155342,2019,117,"Comedy, Drama",6.6,nm2873161,"nm4147126, nm0387012, nm2903342, nm0299924"
tt0051193,1957,114,Drama,6.6,nm0002030,"nm0000063, nm0536167, nm0290047, nm0130407"
tt5759068,2016,90,Documentary,7.6,nm2516950,"nm1592061, nm9240651"
tt0066940,1971,106,"Crime, Drama",7.2,nm0198765,"nm0626259, nm0000842, nm0866186, nm0329746"
tt2219370,2013,116,"Drama, Mystery, War",6.3,nm5116615,"nm2956046, nm1380606, nm0043724, nm1566650"
tt0239341,2001,161,"Action, Drama, Fantasy",5.7,nm0707952,"nm0893142, nm0953795, nm0815897, nm0802094"
tt0080787,1982,96,"Horror, Thriller",4.3,nm0119337,"nm0023766, nm0595991, nm0049282, nm0759004"
tt5215088,2018,85,"Drama, Romance, Sci-Fi",4.9,nm4584357,"nm0147003, nm2851882, nm4143049, nm1544039"
tt0043511,1952,118,Drama,7.4,nm0744023,"nm0000006, nm0461594, nm0316282, nm0556399"
tt7979510,2018,93,Horror,3.8,nm4055347,"nm10010004, nm1869033, nm2387875, nm7693450"
tt0028354,1936,104,"Comedy, Musical, Romance",5.7,nm0419265,"nm0690507, nm0642988, nm0713270, nm0082884"
tt5904182,2018,110,"Drama, Mystery, Thriller",5.4,nm5759169,"nm4201461, nm0016864, nm0019177, nm1964119"
tt0415872,2004,99,"Comedy, Crime, Romance",6.2,nm0864775,"nm0490489, nm0155618, nm0398883, nm1259254"
tt1137448,2008,88,Horror,3.9,nm0443702,"nm0000838, nm0122703, nm0230373, nm0780822"
tt0911024,2007,98,Drama,7.2,nm0807687,"nm0007113, nm2469193, nm2469641, nm2473054"
tt2351576,2008,90,Comedy,3.9,nm2749526,"nm0008206, nm13882659, nm12094525, nm5427368"
tt20864704,2022,105,"Biography, Drama",6.0,nm2114842,"nm0131647, nm1731937, nm7133862, nm8512754"
tt13648270,2022,165,Drama,5.9,"nm12151342, nm12148374","nm5657066, nm10592607, nm8194302, nm0621066"
tt3796876,2017,96,"Drama, Horror, Thriller",4.0,nm3273103,"nm6523851, nm6523849, nm4510227, nm6523852, nm5946714, nm4513209, nm6523850"
tt0203672,1999,116,"Action, Adventure, Drama",5.7,nm0490487,"nm0155562, nm0795517, nm0946015, nm0874866"
tt0993748,2007,88,Comedy,6.9,"nm1389295, nm2605386","nm0082636, nm0086396, nm0098928, nm1410247"
tt0032986,1940,92,"Comedy, Musical",6.8,nm0006276,"nm0001078, nm0552756, nm0001651, nm0505157"
tt1266545,2008,105,"Action, Crime, Thriller",4.5,nm2031002,"nm1011408, nm0219967, nm1231899, nm0451234, nm0592782, nm2064201"
tt0068990,1972,92,"Adventure, Drama",6.0,nm0568535,"nm0000140, nm0000149, nm0924278, nm0002095"
tt2917916,2013,102,Drama,6.8,nm3770459,"nm3950407, nm0631021, nm0333503, nm0872593"
tt0043332,1951,114,Drama,7.7,nm0899581,"nm0536167, nm0157067, nm0032035, nm0719947"
tt3734580,2020,108,Comedy,4.9,nm6500222,"nm1596350, nm4004908, nm3190246, nm0440604"
tt2146836,2012,157,"Drama, Romance",7.2,nm0430485,"nm1335704, nm1728860, nm5573564, nm4920833"
tt5922124,2017,102,"Crime, Drama, Mystery",6.2,nm2809465,"nm0296219, nm1468739, nm0000438, nm0897005"
tt0135427,1992,107,"Adventure, History, Musical",5.3,nm0238679,"nm0451422, nm0541018, nm0231677, nm0707618"
tt6175394,2017,114,"Action, Adventure, Comedy",6.4,nm2979103,"nm5683792, nm4754338, nm2611557, nm0492249"
tt0050454,1957,105,"Drama, Romance",6.9,"nm0690597, nm0539360","nm0598971, nm0885098, nm0704719, nm0141361"
tt0294869,2002,106,Drama,6.1,nm0016234,"nm0675751, nm0025745, nm1048288"
tt1587729,2010,120,"Action, Drama, War",7.3,nm0497565,"nm0149226, nm1085861, nm3721584, nm0453670"
tt5700926,2016,100,Drama,5.9,nm0014160,"nm15504482, nm0267044, nm4983326, nm0452091"
tt0398971,2005,90,"Comedy, Family",5.5,nm0376301,"nm0314524, nm0000452, nm0001552, nm0382791"
tt7628458,2018,112,Drama,7.0,nm9145322,"nm1833525, nm7487576, nm9116399, nm1727188"
tt0051047,1957,78,Western,7.3,nm0091430,"nm0000068, nm0095524, nm0001577, nm0402277"
tt12416794,2022,106,Comedy,6.3,nm0759270,"nm11725602, nm9706533, nm11605875, nm11725603"
tt2084957,2015,90,"Action, Crime, Thriller",4.5,nm4724169,"nm2187546, nm0668271, nm2018573, nm1451951"
tt7878846,2018,108,"Action, Crime, Drama",6.2,"nm5648028, nm2050522","nm3903277, nm3889203, nm3054855, nm0079519"
tt3033080,2014,103,"Action, Adventure, Horror",3.1,nm4572866,"nm5831917, nm2102207, nm0627667, nm3167308"
tt14083308,2022,85,"Action, Horror",2.5,nm0994275,"nm2632573, nm0428622, nm8279086, nm5703727"
tt0017736,1927,132,"Biography, Drama",7.1,nm0901502,"nm0610620, nm0080572, nm0439188, nm0432041"
tt2011183,2011,88,"Comedy, Fantasy, Romance",6.3,nm1758280,"nm1370408, nm0167956, nm1232282, nm0951281"
tt0086197,1983,193,"Adventure, Biography, Drama",7.8,nm0442241,"nm0001731, nm0001277, nm0000438, nm0000598"
tt0100606,1990,95,"Drama, Thriller",5.3,nm0000853,"nm0001388, nm0000380, nm0000412, nm0001617"
tt2291606,2013,98,Crime,4.6,nm2662500,"nm2339680, nm1792652, nm2645682, nm1807645"
tt0318275,1990,145,"Action, Comedy, Fantasy",6.8,nm0616114,"nm1696116, nm0707425, nm0790554, nm1232849, nm1687619, nm0329727"
tt0985694,2010,105,"Action, Crime, Thriller",6.6,"nm0542450, nm0001675","nm0001803, nm0735442, nm0000134, nm0004695"
tt0183280,2000,90,"Action, Adventure, Drama",3.3,nm0003289,"nm0000336, nm0541908, nm0001370, nm0405033"
tt0090907,1986,88,Drama,6.8,"nm0862514, nm1301549","nm0874956, nm0199021, nm0197249, nm0237204"
tt0481369,2007,98,"Crime, Mystery, Thriller",6.4,nm0001708,"nm0000120, nm0000515, nm0503567, nm0396812"
tt6421110,2018,89,"Action, Crime, Drama",5.0,nm0619836,"nm0378245, nm0113117, nm8091769, nm0568180"
tt0050377,1957,89,"Comedy, Family",6.0,nm0641045,"nm0539049, nm0825234, nm0116793, nm0716873"
tt14208870,2022,151,Drama,7.5,nm0000229,"nm0931329, nm5450413, nm0200452, nm0002139"
tt1177159,1983,120,"Action, Comedy, Crime",6.7,"nm15562724, nm0252860, nm15562725, nm15562723","nm0408054, nm1013512, nm1024909, nm0953878"
tt1945062,2012,98,Drama,4.8,nm4107260,"nm3358233, nm0290556, nm0001287, nm0000666"
tt0063170,1968,85,Horror,6.4,nm0619966,"nm1505486, nm0434600, nm0442951, nm0632757"
tt0092857,1987,99,"Action, Crime, Drama",5.4,nm0496746,"nm0000314, nm0001464, nm0752636, nm0520164"
tt0063271,1968,105,Drama,5.8,nm0042159,"nm0000366, nm0553349, nm0293739, nm0350761"
tt0067116,1971,104,"Action, Crime, Drama",7.7,nm0001243,"nm0000432, nm0001702, nm0721073, nm0516215"
tt1610525,2016,98,"Biography, Drama, Sport",6.5,nm0265852,"nm0000630, nm0005253, nm0000579, nm0915208"
tt1286147,2009,93,"Action, Sci-Fi, Thriller",4.7,nm0367327,"nm0267511, nm1592225, nm1047329, nm0233807"
tt0119238,1998,100,"Crime, Drama",5.9,nm0147985,"nm0015673, nm0000388, nm0676973, nm0893889"
tt0468569,2008,152,"Action, Crime, Drama",9.0,nm0634240,"nm0000288, nm0005132, nm0001173, nm0000323"
tt0343624,2003,94,Drama,6.6,nm0483850,"nm0617481, nm0463568, nm1288659, nm0355237"
tt3524346,2016,99,"Action, Adventure, Comedy",4.2,"nm2239085, nm2680378","nm3025407, nm2930463, nm4944824, nm3645881"
tt0101610,1990,90,Drama,7.0,nm0652162,"nm0380164, nm0518811, nm0350637, nm0737885"
tt5070076,2016,80,Comedy,5.6,nm0376655,"nm1194266, nm1195064, nm7618844, nm0840831"
tt2358899,2012,90,Drama,6.1,nm1044682,"nm2079292, nm15662385, nm1267552, nm1794495"
tt0060349,1966,86,"Crime, Drama",6.1,nm0478800,"nm0300064, nm0002085, nm0706368, nm0863302"
tt7534150,2018,102,Comedy,5.9,nm9279546,"nm3214170, nm3548282, nm1891185, nm0005599"
tt0062713,1968,111,"Action, Adventure, Drama",6.6,nm0894577,"nm0000063, nm0173735, nm0000314, nm0415488"
tt0020534,1929,94,"Horror, Mystery, Thriller",5.7,nm0000859,"nm0868458, nm0950019, nm0780941, nm0602096"
tt2634414,2013,88,"Action, Adventure, Comedy",3.6,nm0975225,"nm1434212, nm1072565, nm0077512, nm0105471"
tt0039757,1947,100,"Drama, Film-Noir, Mystery",6.7,nm0202681,"nm0000064, nm0564708, nm0000752, nm0001983"
tt1641841,2014,96,"Action, Crime, Thriller",5.6,nm0879960,"nm0000185, nm1388074, nm0000579, nm0925220"
tt5993748,2018,106,"Drama, Thriller",6.2,nm1125741,"nm0196230, nm8419260, nm0646733, nm5138874"
tt2846292,2014,81,Horror,3.3,nm2096009,"nm0604732, nm2794671, nm2368987, nm5819244"
tt0078084,1978,115,"Biography, Comedy",7.4,nm0200192,"nm0252473, nm0019244, nm0472234, nm0000565"
tt2822578,2015,95,"Comedy, Horror",5.4,nm0734442,"nm0922995, nm0801051, nm1900397, nm2178959"
tt0103286,1991,97,"Comedy, Horror",5.9,nm0960028,"nm0848992, nm0194050, nm0939113, nm0756316"
tt5834760,2018,103,"Drama, Fantasy, Horror",5.8,nm0077002,"nm2086223, nm0005042, nm0000227, nm3241414"
tt0170517,2001,104,"Biography, Drama",6.0,nm0356875,"nm0864587, nm0758699, nm0473772, nm0511550"
tt0067909,1971,86,Comedy,5.8,nm0414672,"nm0258918, nm0826862, nm0771869, nm0905876"
tt0420215,2004,98,Drama,6.5,nm1671980,"nm0090469, nm0719956, nm0146165, nm1671655"
tt0375785,2006,96,"Comedy, Romance",5.7,nm1419060,"nm0001287, nm0146915, nm0005256, nm0788340"
tt11086194,2023,145,"Crime, Drama",7.1,"nm8835525, nm11042004","nm0579756, nm2068971, nm2971390, nm7936195"
tt5310412,2017,142,"Comedy, Drama, History",7.7,nm0092514,"nm1707712, nm2085345, nm0229263, nm4391958"
tt1555219,2009,73,"Drama, Romance",3.7,"nm3705051, nm3705388","nm3706085, nm3705929, nm3732859, nm3705223"
tt0021223,1930,102,"Drama, Music, Romance",6.2,nm0064600,"nm0001076, nm0599910, nm0656105, nm0780941"
tt0368566,2004,85,Comedy,4.4,nm0658836,"nm0002010, nm0785664, nm0231319, nm1423972"
tt0141996,1979,102,Horror,3.0,nm0444848,"nm0654494, nm0721819, nm0709415, nm0333592"
tt2854894,2014,88,"Drama, Sport",5.5,nm0006860,"nm0700712, nm0167649, nm0001283, nm0063440"
tt1877688,2013,80,"Comedy, Drama, Romance",5.1,nm0453003,"nm1645313, nm0570860, nm1221906, nm2191189"
tt0084776,1982,142,"Comedy, Drama, Fantasy",6.4,nm0005196,"nm0001023, nm0001687, nm0000215, nm0002094"
tt0024127,1933,95,Drama,5.5,nm0826094,"nm0313447, nm0237750, nm0645056, nm0817550"
tt2259318,2014,100,"Comedy, Drama, Romance",6.2,nm0771609,"nm0193738, nm0139936, nm2554223, nm0109202"
tt2211044,2012,93,"Comedy, Family",5.7,nm1190799,"nm0080134, nm1417994, nm1128640, nm5155604"
tt1545464,2011,80,"Drama, Music",5.9,nm0234506,"nm3697736, nm2023513, nm0859146, nm1563346"
tt0094294,1987,90,"Action, Drama",3.6,"nm0586399, nm0245081","nm0694722, nm0641245, nm0284190, nm0410358"
tt4669986,2016,123,"Biography, Drama, Romance",7.0,nm2158772,"nm1550948, nm0249291, nm3286200, nm0612583"
tt2150369,2013,97,Thriller,5.3,nm0098400,"nm1589316, nm1329780, nm1700638, nm3037446"
tt13929998,2023,102,Drama,5.5,nm0573732,"nm0000598, nm0001287, nm0582462, nm14618613"
tt1414581,2009,89,"Horror, Thriller",3.8,nm1234345,"nm1625874, nm2399634, nm5209424, nm0535327"
tt6284474,2017,178,"Drama, Romance",8.1,nm5736200,"nm5299622, nm3261450, nm5744672, nm1099556"
tt4288636,2015,85,Drama,7.1,nm1317614,"nm3571592, nm0633223, nm3264596, nm0515296"
tt0439801,2010,86,Action,3.5,nm1509181,"nm0479895, nm0896706, nm0328604, nm0741048"
tt1783423,2010,102,Comedy,5.6,nm2320363,"nm1281872, nm1204752, nm1698635, nm1318233"
tt1669648,2011,92,Drama,6.6,nm3937503,"nm2975619, nm1899661, nm3945355, nm3945981"
tt1801805,2008,80,"Documentary, Music",6.2,nm4235301,"nm4424639, nm4424679, nm4424636"
tt0117473,1996,95,Thriller,5.3,nm0427468,"nm0000932, nm0001520, nm0338886, nm0654110"
tt10553438,2021,105,"Comedy, Romance",5.4,nm0929621,"nm1575994, nm1383969, nm0093509"
tt2487028,2017,93,Comedy,3.1,nm6146827,"nm2207222, nm0000532, nm0441592, nm0005085"
tt1370212,2008,121,Drama,7.3,nm0258732,"nm1542051, nm2379003, nm1698655, nm0948004, nm3314528, nm4363565, nm3325358"
tt1510983,2012,109,"Mystery, Thriller, Western",5.1,"nm1365652, nm0998581","nm0800896, nm1290102, nm0842023, nm0236481"
tt14772558,2022,88,Horror,4.0,nm4583752,"nm4291745, nm7373540, nm12543546, nm6177865"
tt5122092,2016,100,Horror,4.2,nm4781704,"nm7659478, nm3258869, nm7659479, nm3011717"
tt0109936,1994,113,Comedy,6.3,nm0528718,"nm0000150, nm0000018, nm0001802, nm0001882"
tt4630562,2017,136,"Action, Crime, Thriller",6.6,nm0336620,"nm0004874, nm0005458, nm0425005, nm0735442"
tt9628568,2020,101,Drama,6.2,nm6868446,"nm5793048, nm11462652, nm11462650"
tt5344794,2016,86,"Action, Thriller, War",3.0,nm0676248,"nm0000219, nm0885942, nm0008543, nm1006439"
tt21308888,2023,117,"Action, Sci-Fi, Thriller",6.3,nm2853069,"nm0880518, nm0456280, nm8607281, nm0001941"
tt1385949,2008,91,"Action, Comedy, Horror",4.9,nm1075618,"nm2440492, nm2339778, nm2889635, nm2236084"
tt0488762,2005,109,"Action, Crime",6.2,nm1863568,"nm3663864, nm1120328, nm1508045, nm1302658, nm1059148, nm1059108, nm0453640, nm5479345"
tt1670703,2010,89,"Comedy, Drama",8.2,nm0160666,"nm1091878, nm2216409, nm0087807, nm1089542"
tt11460818,2021,104,"Comedy, Drama",6.5,nm4482474,"nm6269780, nm4045010, nm3211304, nm10180701"
tt1686034,2011,90,"Comedy, Family",4.0,nm0084819,"nm0647757, nm1932089, nm1927524, nm1964196"
tt0095037,1988,84,"Drama, Music",7.4,nm0203993,"nm0000592, nm0235782, nm0909541, nm0929901"
tt4741708,2016,98,Drama,7.3,nm0513371,"nm1731624, nm0033501, nm2272242, nm0287310"
tt0091060,1986,111,"Action, Comedy",6.6,nm0530975,"nm0295747, nm0822868, nm0388640, nm0799513"
tt0112714,1995,100,"Drama, Mystery, Thriller",7.4,nm0503215,"nm0089937, nm0333079, nm0589603, nm0000218"
tt2327563,2008,69,Horror,3.5,nm4973870,"nm5705322, nm5705311, nm5705288, nm5705294"
tt0039887,1947,72,"Action, Adventure, Romance",6.1,nm0627087,"nm0919321, nm0431502, nm0790788, nm0605685"
tt14625190,2020,97,"Comedy, Drama, Fantasy",6.8,nm8018759,"nm5633154, nm7308187, nm11866850, nm4238608"
tt0013450,1922,98,Drama,6.6,nm0515979,"nm0001067, nm0546121, nm0380647, nm0765125"
tt0303397,2001,74,"Drama, Horror, Thriller",5.6,nm0678786,"nm1098655, nm1097438, nm1097257, nm1102827"
tt2392385,2014,100,Drama,4.6,nm0141646,"nm0001107, nm0001664, nm0001182, nm0000446"
tt0023880,1933,71,"Drama, Romance",6.0,nm0782682,"nm0001677, nm0566948, nm0633260, nm0222596"
tt0445620,2005,91,"Crime, Drama, Thriller",7.4,nm0009463,"nm1845700, nm1846124, nm0044073, nm2351360"
tt7974634,2021,92,"Adventure, Animation, Family",5.3,nm1843105,"nm0005527, nm0056770, nm13098220, nm4453882"
tt0456829,1979,85,Drama,6.4,nm0351410,"nm4024463, nm0462607, nm5389289, nm0258835, nm5389285, nm5388170"
tt0088883,1986,93,Comedy,4.9,nm0337765,"nm0910278, nm0153182, nm0516020, nm0424368"
tt28091020,2023,140,Romance,7.0,nm14953118,"nm10641095, nm7575624, nm10369587, nm1960306"
tt0033792,1941,82,"Comedy, Romance",5.7,nm0782597,"nm0604605, nm0943553, nm0743841, nm0665886"
tt7402400,2019,104,"Drama, Romance",5.9,"nm0617523, nm0825407","nm5397686, nm5435959, nm0433479, nm0349052"
tt11313944,2021,119,"Drama, Romance",6.0,nm1295189,"nm2546262, nm3024307, nm4699457, nm1294020"
tt3667792,2016,101,Drama,5.1,nm3593718,"nm5323995, nm3965888, nm0001309, nm3031063"
tt2213054,2013,130,"Drama, Sport",7.8,nm0438461,"nm2815326, nm3818286, nm3822770, nm3629670"
tt0278891,1986,100,"Comedy, Fantasy",7.8,nm0947998,"nm0032661, nm0465755, nm0951773, nm0218533"
tt14488222,2021,80,War,3.1,nm5472963,"nm2465485, nm3046228, nm9954835, nm1347859"
tt2825230,2014,104,"Horror, Thriller",6.2,nm1150425,"nm1498725, nm0855092, nm9063950, nm9063951"
tt11900398,2022,102,"Action, Adventure, Comedy",2.7,nm8642261,"nm10054707, nm5862876, nm8611762, nm2934424"
tt0460883,2007,85,"Horror, Sci-Fi, Thriller",4.5,nm0461865,"nm0001064, nm0176882, nm1169471, nm0670779"
tt0056347,1962,90,"Drama, Horror, Music",6.4,nm0279807,"nm0007042, nm0780765, nm0211767, nm0910381"
tt1572962,2010,78,Drama,6.1,nm0879301,"nm2933802, nm1072828, nm3024838, nm0946198"
tt0046954,1954,90,"Adventure, Family",6.6,nm0826452,"nm0277867, nm0003241, nm0525742, nm0577022"
tt0118884,1997,150,"Drama, Mystery, Sci-Fi",7.5,nm0000709,"nm0000149, nm0000190, nm0000643, nm0000457"
tt0409527,2005,140,"Drama, Thriller",5.1,nm1636742,"nm0004569, nm0706787, nm1300301, nm4938422"
tt1373215,2009,107,Comedy,4.5,nm2204103,"nm2201881, nm3328097, nm3327731, nm3327294"
tt0404254,2008,92,"Comedy, Drama, Romance",6.2,nm1077168,"nm0193846, nm0103038, nm1648016, nm0001697"
tt0100665,1990,94,"Fantasy, Horror",2.4,nm0728375,"nm0261724, nm0771715, nm0860898, nm0120494"
tt0091605,1986,130,"Drama, Mystery, Thriller",7.7,nm0000269,"nm0000125, nm0000225, nm0702818, nm0059946"
tt0102603,1991,109,"Comedy, Crime",6.5,nm0000484,"nm0000230, nm0001560, nm0726200, nm0001590"
tt0024914,1934,85,"Comedy, Drama, Family",7.2,nm0124877,"nm0000073, nm0007223, nm0002034, nm0020703"
tt0142239,1994,48,"Action, Adventure, Animation",6.5,nm0945674,"nm0637586, nm0849028, nm0476223, nm0590888"
tt0060486,1966,99,"Crime, Drama",7.1,nm0651915,"nm0442740, nm0468699, nm0766225, nm0869601"
tt0318276,2003,97,"Crime, Drama, Romance",3.7,nm0004152,"nm1172061, nm0893620, nm0729040, nm1173320"
tt9612136,2020,113,"Mystery, Thriller",5.1,nm10404944,"nm5474657, nm5603981, nm2378839, nm1796211"
tt4239726,2015,104,"Adventure, Drama, Romance",6.9,"nm6041597, nm0212707","nm8426079, nm8426078, nm8770110, nm8770115"
tt2093193,2009,86,"Comedy, Horror",5.7,nm1031671,"nm4739271, nm12448083, nm10951426, nm3750745, nm8511298"
tt2692538,2014,82,Horror,3.9,nm3673803,"nm0789769, nm0852488, nm0001036, nm0706373"
tt1045655,2008,85,"Drama, Horror, Thriller",3.9,nm0509176,"nm2247245, nm2003700, nm0916617, nm0940990"
tt0048602,1955,90,"Biography, History, Western",6.4,nm0912766,"nm0557339, nm0656428, nm0001374, nm0672074"
tt0234215,2003,138,"Action, Sci-Fi",7.2,"nm0905154, nm0905152","nm0000206, nm0000401, nm0005251, nm0915989"
tt4159182,2015,93,"Crime, Drama, Mystery",5.5,nm2677924,"nm4087606, nm1483904, nm0314554, nm5237479"
tt0078066,1978,125,"Drama, War",6.8,nm0894983,"nm0343190, nm0429563, nm0282347, nm0534750"
tt0051827,1958,111,"Drama, History, Romance",7.2,nm0707264,"nm0881708, nm0667825, nm0796018, nm0807035"
tt13210170,2020,101,"Crime, Drama",6.6,nm6191521,"nm0482628, nm11949341, nm2920258, nm15150358"
tt0128364,1970,143,Drama,7.7,nm0423228,"nm0875360, nm0848793, nm0645402, nm0765783"
tt0928152,2004,150,"Comedy, Romance",7.8,nm0080278,"nm0893142, nm1229940, nm0004469, nm3749057"
tt9580138,2020,80,"Action, Adventure, Animation",7.4,nm2320725,"nm1358539, nm0570364, nm2941559, nm0089707"
tt0058349,1964,98,"Drama, Romance",8.0,nm0621540,"nm0847301, nm0443232, nm0476179, nm0794205"
tt6215352,2016,80,"Drama, Romance, Thriller",5.4,nm8559015,"nm4944598, nm6012805, nm1538053, nm2195222"
tt0065025,1969,104,"Adventure, Comedy, Crime",5.4,nm0370868,"nm0001719, nm0000266, nm0000080, nm0376915"
tt0104874,1992,123,Comedy,7.4,nm0411631,"nm0594421, nm0197252, nm0613598, nm0847361"
tt0050112,1957,103,"Drama, Family, Romance",7.2,nm0718467,"nm0424318, nm0593192, nm0860627, nm0566478"
tt0249047,1986,137,Romance,8.5,nm0655802,"nm0482320, nm1117035, nm0858128, nm0898913"
tt6398666,2016,116,Comedy,5.7,nm1176630,"nm6998207, nm1106713, nm3370295, nm2849785"
tt0072081,1975,113,"Comedy, Crime, Mystery",7.0,nm0001175,"nm0000634, nm0001626, nm0770711, nm0007042"
tt10989240,2019,82,"Crime, Thriller",5.6,"nm2038534, nm2857674","nm1410105, nm6637239, nm1407651, nm8165963"
tt5468300,2016,96,"Drama, Mystery, Romance",6.3,nm1982933,"nm2877778, nm5457207, nm4443114, nm0415415"
tt0034527,1942,69,"Comedy, Family",6.5,nm0833965,"nm0802325, nm0482121, nm0799982, nm1230870"
tt0471957,2005,102,"Drama, Music, Romance",6.5,nm1933648,"nm1533235, nm1576916, nm0754396, nm0590480"
tt0025219,1934,86,"Comedy, Musical, Romance",6.6,nm0503777,"nm0694090, nm0404360, nm0356568, nm0570451"
tt1239290,2010,100,"Drama, Romance",5.0,nm0283377,"nm1003081, nm0233949, nm0638824, nm3769321"
tt0239102,2000,81,"Drama, Fantasy, Horror",7.1,nm0102629,"nm1184955, nm2416829, nm2417328, nm2420312"
tt0278913,1978,81,Adventure,5.9,nm0047971,"nm0678950, nm0035067, nm0015446, nm0258575, nm0258738"
tt0037466,1944,97,"Action, Drama, War",6.6,nm0368871,"nm0000747, nm0000763, nm0264278, nm0001948"
tt0990361,2007,115,"Crime, Mystery, Thriller",6.3,nm0521411,"nm0491259, nm0136001, nm0500976, nm0951520"
tt0042883,1950,90,"Comedy, Romance",6.2,"nm0291035, nm0659085","nm0000742, nm0694090, nm0915536, nm0445523"
tt1190074,2008,93,"Horror, Thriller",2.7,nm0824250,"nm2932576, nm1843556, nm1659305, nm2050670"
tt0972558,2008,115,"Action, Adventure, Sci-Fi",5.1,nm0094080,"nm3353199, nm2568364, nm1215228, nm0307628"
tt2984576,2017,95,"Action, Crime, Horror",3.0,nm2402050,"nm0608405, nm0865302, nm3397183, nm0000105"
tt2609790,2012,90,"Biography, Documentary, History",6.5,nm5702060,nm4370532
tt0026852,1935,69,"Drama, Mystery, Romance",6.7,nm0448915,"nm0000795, nm0430460, nm0523089, nm0020979"
tt0056710,1962,78,"Drama, Western",4.9,nm0223317,"nm0593848, nm0480444, nm0566947, nm0932629"
tt0495028,2006,90,"Horror, Thriller",4.6,nm1460692,"nm1237934, nm0679366, nm0876454, nm0937019"
tt0099114,1990,84,Comedy,5.5,nm0823280,"nm0356448, nm0954114, nm0369685, nm0561860"
tt0451079,2008,86,"Adventure, Animation, Comedy",6.8,"nm0371755, nm0553942","nm0000120, nm0136797, nm0000993, nm0004715"
tt1795702,2011,98,Drama,7.2,nm0002077,"nm0187224, nm2401020, nm4270089, nm3701064"
tt0076435,1977,92,Drama,6.7,nm0540899,"nm0765316, nm0765315, nm0594796, nm0637052"
tt1941638,2012,115,"Comedy, Drama, Romance",7.1,nm2813440,"nm4472653, nm6938502, nm4474695, nm4473125"
tt5358570,2016,120,"Comedy, Romance",6.4,nm3016523,"nm0497870, nm0158830, nm1030523, nm2584860"
tt0045824,1953,82,"Drama, Film-Noir",6.8,nm0788058,"nm0002094, nm0002108, nm0732378, nm0817930"
tt5673792,2016,150,"Drama, Thriller",6.9,nm3597365,"nm3561350, nm0695177, nm1394426, nm8143114"
tt0036210,1943,66,Comedy,7.4,nm0313695,"nm0056174, nm0067871, nm4883000, nm1616493"
tt3558196,2014,90,Crime,6.1,nm0575318,"nm0198704, nm0887002, nm1138007, nm0649057"
tt0406661,2004,100,"Action, Drama",3.0,nm1310383,"nm0000219, nm1102678, nm1194446"
tt5552086,2017,84,"Drama, Romance",8.7,nm7929149,"nm7137369, nm5732003, nm8203069, nm3185931, nm3981255, nm8203094"
tt4296800,2015,97,Comedy,5.0,nm0994553,"nm0173393, nm0951278, nm4110608, nm2264706"
tt4520340,2015,91,"Drama, Horror",4.8,nm5464755,"nm3413730, nm3172728, nm3408718, nm4924366"
tt0081547,1980,120,"Drama, Romance, Sport",6.6,nm0000682,"nm0867288, nm0816030, nm0013329, nm0816842"
tt0312843,2001,99,"Crime, Drama, Horror",6.5,nm0814469,"nm0410903, nm0619185, nm0389880, nm0766502"
tt0137361,1966,148,"Drama, Romance",7.4,nm0611531,"nm0004429, nm0846616, nm0789374, nm0894340"
tt15078366,2021,115,Drama,7.0,nm7076039,"nm12772189, nm12772190, nm3213859, nm10280717"
tt9493708,2019,116,"Action, Drama, Sport",5.7,nm10398220,"nm1455087, nm5878208, nm1728821, nm9458885"
tt2043878,2011,88,Drama,6.8,nm2199286,"nm1316170, nm3431007, nm9493366, nm4140373"
tt2846996,2013,94,"Comedy, Drama",6.4,nm2630323,"nm3270435, nm0531195, nm1932959, nm3379425"
tt0069725,1973,94,Western,5.9,nm0463988,"nm0593900, nm0067853, nm0712224, nm0631102"
tt27789115,2023,104,"Drama, Family",7.4,nm10743272,"nm9741375, nm2132667, nm1706602, nm6001916"
tt0246875,2000,99,"Comedy, Drama",6.7,nm0379179,"nm0064144, nm0572181, nm0362532, nm0399647"
tt6213794,2017,89,Drama,4.8,nm0592350,"nm2208151, nm0013841, nm4203568, nm5092342"
tt1935201,2012,87,"Comedy, Crime, Horror",4.7,"nm3525711, nm0271111","nm1892299, nm0113814, nm1869640, nm0766761"
tt7028250,2017,80,"Comedy, Documentary",6.5,nm2295945,"nm9205708, nm9205710, nm9205709, nm9205711"
tt11833648,2020,120,Comedy,7.9,nm8941800,"nm8941802, nm11369389, nm8464384, nm11369390"
tt0284573,2001,105,"Drama, Horror, Thriller",5.5,nm0320929,"nm0092184, nm0836682, nm0582755, nm0618986"
tt2561572,2015,100,"Comedy, Crime",6.0,nm1000113,"nm0002071, nm0366389, nm1555340, nm1939267"
tt10611992,2020,73,"Comedy, Horror, Sci-Fi",4.4,nm3198149,"nm0352230, nm0362643, nm0802995, nm0235103"
tt0114916,1995,94,"Drama, Romance",6.5,nm0005390,"nm0124481, nm0006692, nm0001089, nm0288944"
tt3412884,2022,93,"Drama, Thriller",3.4,nm0178900,"nm0440860, nm3849842, nm0000501, nm0587431"
tt4573394,2014,52,"Documentary, History",8.2,"nm3873442, nm7236117",nm0000460
tt6012446,2019,86,"Comedy, Mystery, Thriller",6.2,nm0523239,"nm0264579, nm1526554, nm1225406, nm0900877"
tt3708734,2014,100,"Drama, History",5.6,nm4163998,"nm0577281, nm1758573, nm6471746, nm0259472, nm4348122, nm1795778, nm2416236"
tt13667044,2022,95,Thriller,5.4,nm1028742,"nm2626646, nm0032042, nm0881561, nm3802082"
tt22360682,2022,95,"Adventure, Animation, Comedy",5.8,"nm1120902, nm1119868, nm1119869","nm7477145, nm0501454, nm0193191, nm0876998"
tt0847167,2007,110,Drama,6.3,nm1430632,"nm0000244, nm0098378, nm0005273, nm0005392"
tt5495792,2017,82,Documentary,6.6,nm1580724,"nm3245392, nm2687219"
tt14404954,2022,125,"Drama, Romance",6.6,nm0681535,"nm1249052, nm8111444, nm7928253, nm5034016"
tt0115770,1998,106,"Drama, Romance, War",6.2,nm0752866,"nm0001004, nm0752467, nm0124965, nm0000321"
tt0105306,1992,111,"Drama, Romance",6.2,nm0001949,"nm0000627, nm0000352, nm1579097, nm0957193"
tt0099080,1990,157,"Action, Drama, Romance",5.9,nm2577595,"nm0006795, nm0619324, nm0007106, nm0474820"
tt1282024,2009,113,Drama,6.7,nm0463727,"nm0640323, nm0001584, nm0299028, nm1188896"
tt0446765,2005,90,"Documentary, Music",7.4,nm0504824,nm0104317
tt8482492,2020,115,"Drama, Mystery",3.2,"nm4893402, nm9419812","nm4377242, nm6256463, nm7894040, nm10518506"
tt0025409,1934,110,"Drama, Romance",6.2,nm0908831,"nm0000031, nm0063619, nm0002118, nm0187981"
tt2156785,2011,90,Drama,7.3,nm0451835,"nm4831299, nm4149175, nm2893551, nm6840675"
tt0033861,1940,90,"Crime, Film-Noir, Romance",6.5,nm0924065,"nm0001651, nm0237655, nm0397397, nm0020289"
tt0085911,1983,170,"Drama, War",7.3,nm1186265,"nm0001657, nm1278150, nm0092639, nm1278145"
tt2802154,2014,140,"Crime, Drama",7.6,nm1168657,"nm0148516, nm1956600, nm0535295, nm1284690"
tt0116005,1996,115,"Drama, Romance",6.6,nm0393254,"nm2493683, nm0453440, nm0158615, nm0051906"
tt1540803,2010,80,Comedy,4.5,nm3124542,"nm0875777, nm1615434, nm2232394"
tt1503178,2010,160,Romance,5.6,nm3595665,"nm1953187, nm3591549, nm1911617, nm1890268"
tt1384961,2010,72,"Animation, Sci-Fi",5.3,nm1574779,"nm0364583, nm0000448, nm0369898, nm2956229"
tt0496595,2005,85,"Animation, Family, Musical",2.6,"nm0350845, nm2157705","nm0579430, nm1133720, nm3774384, nm0561210"
tt11829142,2021,105,"Comedy, Drama, Fantasy",5.3,nm11365471,"nm2347863, nm0444324, nm1407910, nm8329220"
tt0091136,1986,126,Drama,7.0,nm0793983,"nm0351334, nm0412615, nm0385846, nm0849036"
tt1078912,2009,105,"Adventure, Comedy, Family",6.0,nm0506613,"nm0001774, nm0005562, nm0010736, nm0000279"
tt0087830,1984,91,Comedy,4.3,nm0502249,"nm0111983, nm0531856, nm0472094, nm0156838"
tt3118920,2017,99,"Drama, Thriller",3.8,nm3936313,"nm0001166, nm5124697, nm0490873, nm1891137"
tt11959018,2020,74,Crime,3.9,nm2329727,"nm2338182, nm0335714, nm1633518, nm0614854, nm0734156, nm2773020, nm0486413, nm4485122, nm0166759"
tt0161860,2001,141,"Biography, Drama, History",7.5,nm0512862,"nm0477810, nm0632457, nm0352278, nm0648943"
tt0107277,1993,96,"Adventure, Comedy, Drama",5.6,nm0916502,"nm0862932, nm0281575, nm0000588, nm0864997"
tt1738366,2011,73,Drama,6.9,nm2142955,"nm4112068, nm4112533, nm4111780, nm8247075"
tt9081300,2018,104,"Animation, Drama, Fantasy",7.1,"nm1996985, nm0648464","nm0436778, nm1783075, nm0409287, nm1058720"
tt0251951,2002,92,"Comedy, Sci-Fi",4.2,nm0437490,"nm0121902, nm0005490, nm0440150, nm0105471"
tt2220034,2014,112,"Action, Comedy, Sci-Fi",5.3,nm3619739,"nm3147979, nm3930688, nm4904416, nm4655939"
tt15397918,2022,91,"Drama, Romance",3.2,nm2620532,"nm2254074, nm10787776, nm0734751, nm5725935"
tt0123726,1998,91,Comedy,4.8,nm0876619,"nm0449687, nm0005025, nm0334179, nm0873998"
tt0041529,1949,76,"Crime, Drama, Film-Noir",6.6,nm0145336,"nm0003318, nm0001859, nm0002053, nm0000348"
tt0460778,2010,98,Drama,4.7,nm0583039,"nm0000518, nm0000422, nm1939016, nm1943802"
tt0419515,2004,140,Drama,7.0,nm0756406,"nm0001429, nm1078422, nm0845912, nm0643885"
tt11161474,2020,126,Drama,7.0,nm0610960,"nm3948952, nm0479471, nm0000995, nm2955597"
tt4299300,2017,111,"Biography, Comedy, Drama",7.1,nm0745131,"nm0880518, nm0559326, nm1031534, nm0902083"
tt1874451,2011,103,"Crime, Drama, Thriller",5.3,nm0578361,"nm1047913, nm3988732, nm1120797, nm2179918"
tt2825924,2013,90,"Action, Fantasy",4.8,nm0754817,"nm0924684, nm0098372, nm1689139, nm0000616"
tt1235124,2009,112,"Drama, Fantasy, Mystery",6.2,nm0662529,"nm1602660, nm0000147, nm0356017, nm3227473"
tt1230126,2009,86,"Adventure, Family, Mystery",4.5,nm1439346,"nm1352952, nm1013338, nm1058095, nm2085679"
tt0093791,1987,108,"Drama, Sci-Fi",7.1,nm0631799,"nm0885091, nm0819044, nm0857012, nm2525853"
tt4574604,2015,134,"Drama, Thriller",5.5,nm1923871,"nm0475425, nm1651354, nm1459463, nm3474050"
tt0028352,1936,98,"Drama, Western",6.6,nm0896542,"nm0534045, nm0642988, nm0662335, nm0634313"
tt0155671,1974,89,"Comedy, Crime, Drama",5.1,"nm0135117, nm0853546","nm0667133, nm0582586, nm0027264, nm0543931"
tt3752766,2015,88,"Drama, Fantasy, Horror",4.5,nm2288083,"nm3701064, nm3393791, nm2325732, nm4438085"
tt1479398,2010,100,"Action, Adventure, Crime",4.8,nm0408885,"nm0001617, nm0005535, nm0000679, nm0669041"
tt5731444,2017,85,"Comedy, Drama",6.3,nm1034625,"nm0020739, nm0933281, nm0718647, nm0016141"
tt0117011,1996,101,"Action, Crime, Thriller",5.5,nm0482681,"nm0000241, nm0000449, nm0000767, nm0340260"
tt0494253,2006,97,"Comedy, Drama, Romance",6.0,nm2092872,"nm1343042, nm2066418, nm2061188, nm1051089"
tt11054164,2019,88,"Comedy, Horror",5.9,nm0198912,"nm1739764, nm3315962, nm1399980, nm0166559"
tt0101664,1991,111,"Drama, Mystery",5.5,nm0001554,"nm0048675, nm0055215, nm0059630, nm0065084"
tt2610258,2012,150,"Comedy, Drama",5.5,nm0897215,"nm0007123, nm0534858, nm3488838, nm1428080"
tt1059929,2006,126,"Drama, Romance",6.6,nm1335623,"nm2700522, nm1533492, nm2679097, nm2546262, nm2679874"
tt1731998,2011,104,Thriller,6.0,nm0160157,"nm0637259, nm0256953, nm0085079, nm0082749"
tt0032701,1940,95,"Crime, Drama, Film-Noir",7.5,nm0943758,"nm0000012, nm0003339, nm0827263, nm0408586"
tt1446147,2011,106,"Action, Comedy",5.5,nm0007082,"nm0891895, nm0005216, nm0001520, nm1593505"
tt21445686,2021,168,"Action, Animation, Crime",7.5,nm3413990,"nm0010075, nm5389637, nm1325233, nm2642131"
tt3282858,2015,89,"Comedy, Drama, Romance",5.5,nm1539392,"nm1842439, nm4943457, nm4568989, nm1362617"
tt0269341,2001,90,"Comedy, Romance",6.1,nm0114197,"nm0000407, nm0004820, nm0026364, nm0005517"
tt1621045,2012,123,"Comedy, Romance",6.5,nm1103162,"nm2093097, nm0005517, nm0366389, nm1013003"
tt0117715,1996,85,"Comedy, Drama",7.3,nm0840905,"nm0577081, nm0928951, nm0398727, nm0923168"
tt0449228,2005,136,"Drama, Romance",5.3,nm0201713,"nm0474774, nm0219967, nm0004626, nm1069034"
tt4424292,2016,80,"Comedy, Horror",3.6,"nm5246174, nm4895698","nm5919945, nm5759134, nm1782502, nm7827766"
tt0174336,2000,82,"Comedy, Romance",4.4,nm0169680,"nm0001605, nm0887144, nm0009017, nm0053474"
tt0041113,1949,110,"Drama, Film-Noir",7.4,nm0744035,"nm0002024, nm0409869, nm0238445, nm0001135"
tt6340296,2017,98,Comedy,5.5,nm0586837,"nm0016263, nm0181246, nm8650684, nm8650685"
tt2848734,2013,114,"Comedy, Drama, Romance",5.6,nm0261181,"nm0132064, nm0201669, nm0255475, nm0492200"
tt0168080,1999,113,"Comedy, Drama",6.5,nm0407067,"nm0782213, nm0252655, nm0029962, nm0383033"
tt11651604,2020,106,Drama,7.7,nm2778151,"nm13120577, nm1411548, nm0482309, nm8311581"
tt9900940,2021,87,"Crime, Drama, Thriller",4.4,nm4061153,"nm0196185, nm8168644, nm0474779, nm4364633"
tt4057916,2015,89,"Animation, Comedy, Family",4.3,nm0184308,"nm0364814, nm0249283, nm0516496, nm1625688"
tt14384176,2021,97,"Comedy, Family, Fantasy",5.5,nm8859431,"nm0213912, nm6978559, nm1476196, nm0816030"
tt0071233,1974,103,Horror,6.1,nm0607407,"nm0198072, nm0001424, nm0001120, nm0571317"
tt0432988,2007,90,Drama,6.9,nm0054005,"nm0763928, nm0575478, nm0754542, nm2282053"
tt0015224,1924,105,"Adventure, Family, Fantasy",7.1,nm0107543,"nm0111503, nm0868458, nm0019419, nm0707803"
tt0274012,1998,146,"Comedy, Drama, Romance",8.1,"nm1459445, nm1459905","nm0226770, nm1025703, nm0482309, nm0359880"
tt0042041,1949,114,"Action, Crime, Drama",8.1,nm0909825,"nm0000010, nm0562920, nm0639529, nm0943618"
tt2914740,2015,79,"Fantasy, Horror",5.0,nm1842882,"nm2602813, nm5678851, nm0688516, nm4252510"
tt9497404,2021,113,Drama,6.4,nm2696279,"nm1386026, nm2265898, nm4055784, nm12390362"
tt7806430,2019,104,Comedy,5.0,nm2075313,"nm1694256, nm3639136, nm1197737, nm3335067"
tt0080148,1979,88,"Action, Comedy, Drama",5.7,nm0403226,"nm0150921, nm0518999, nm0508561, nm0992937, nm0519066, nm0803298, nm0526694, nm0991769"
tt3273434,2015,94,"Comedy, Romance",5.4,nm0254291,"nm0594895, nm0004700, nm0702809, nm1043164"
tt1431133,2010,92,"Comedy, Romance",3.7,nm0355126,"nm1828818, nm2015692, nm0176801, nm0933281"
tt0097858,1989,97,"Comedy, Music, Musical",6.6,nm0001392,"nm0611833, nm0015223, nm0222313, nm0352921"
tt0174299,1987,92,Drama,8.3,nm0631915,"nm0471771, nm0102522, nm0314789, nm0669493"
tt0800069,2007,89,"Horror, Thriller",5.1,nm1170286,"nm0022161, nm0889846, nm0809344, nm2103974"
tt6094992,2017,109,"Horror, Thriller",4.6,nm1672071,"nm3823216, nm7072115, nm9001177, nm4556381"
tt0061407,1967,122,"Comedy, Drama, Romance",7.1,nm0001874,"nm0000072, nm0000009, nm0159258, nm0394588"
tt3042800,2014,83,"Crime, Drama",6.4,nm1714255,"nm0654648, nm2049889, nm2368508"
tt4453306,2015,92,Comedy,5.9,nm4114339,"nm1683009, nm0888652, nm3166737, nm0782005"
tt9664206,2019,134,Drama,6.0,nm0419877,"nm1111807, nm10459445, nm10459444, nm13390054"
tt0041737,1949,84,Comedy,7.1,nm0180191,"nm0391361, nm0912735, nm0614843, nm0243512"
tt5939324,2019,107,"Comedy, Drama",6.7,nm0089091,"nm9691784, nm2012985, nm1613524, nm1397708"
tt0112362,1995,105,"Drama, Romance",7.0,nm0753382,"nm0571537, nm0295506, nm0299028"
tt0050839,1957,157,"Crime, Drama, Mystery",7.2,nm0733476,"nm0001805, nm0680097, nm0634313, nm0447913"
tt0036175,1943,63,"Comedy, Romance",6.2,nm0064415,"nm0329832, nm0355653, nm0217316, nm0070827"
tt0434345,2005,111,Drama,5.7,nm0759848,"nm0288510, nm1332454, nm1031351, nm0345570"
tt0403217,2005,97,"Drama, Music",5.7,nm0001814,"nm0685856, nm0001305, nm0000782, nm0338323"
tt1784599,2012,128,"Documentary, Music",7.9,"nm0142504, nm2152283","nm0168723, nm0210655, nm2157694"
tt3957956,2015,90,"Action, Crime, Thriller",5.1,nm3893748,"nm4358770, nm0003078, nm1214436, nm0613147"
tt13989030,2022,96,"Comedy, Family, Romance",5.2,nm0414910,"nm1404824, nm4565815, nm13321105, nm13321106"
tt0444672,2007,89,"Adventure, Comedy, Romance",5.2,nm10509441,"nm1377076, nm0005109, nm1417647, nm0000442"
tt1827487,2011,157,"Crime, Drama, Thriller",7.8,nm0149196,"nm1959252, nm0258784, nm0083777, nm1488529"
tt12861616,2021,111,"Drama, Mystery, Romance",8.1,nm2376855,"nm0051857, nm11801443, nm0542383, nm11801442"
tt5545862,2016,108,"Crime, Thriller",6.7,nm3774018,"nm3787759, nm2987726, nm2175143, nm3701137, nm0644905, nm3789450, nm1693068"
tt0304328,2003,100,"Crime, Drama",6.4,nm0004412,"nm0000671, nm0000151, nm0000379, nm0000456"
tt5224766,2016,70,Documentary,6.7,"nm0353539, nm0509734, nm0115956","nm9188853, nm9188854, nm2411071, nm0396391"
tt0079368,1979,117,"Biography, Drama, Family",7.1,"nm0471420, nm0843089","nm0212567, nm0627000, nm0780038, nm0632963"
tt0169396,1998,110,"Comedy, Drama",5.4,nm0234520,"nm0000995, nm0001625, nm0505971, nm0089685"
tt3251306,2015,96,"Action, Adventure, Drama",2.6,nm3375413,"nm1685643, nm6401595, nm6787262, nm6787263"
tt0043759,1951,84,"Comedy, Drama, Romance",6.2,nm0628149,"nm0369792, nm0526485, nm0269567, nm0000054"
tt7474512,2018,89,"Comedy, Family, Fantasy",5.5,nm0391679,"nm9325432, nm9325433, nm4775956, nm0356515"
tt10122392,2019,123,Thriller,7.0,nm1597629,"nm4060295, nm0944979, nm10631813, nm2510035"
tt12008944,2020,84,Action,5.6,"nm10452900, nm10452899","nm10799247, nm0304708, nm7975972, nm11077848"
tt2585160,2015,102,"Crime, Drama",6.9,nm0887113,"nm0508085, nm4281438, nm0069925, nm0904102"
tt0490166,2006,85,"Crime, Drama, Thriller",6.9,nm1440314,"nm1041607, nm2102872, nm0364890, nm0175985"
tt1470846,2011,114,"Sci-Fi, Thriller",4.5,nm0762688,"nm0913460, nm1237235, nm1289167, nm0215058"
tt4374864,2018,93,"Crime, Drama, Thriller",5.2,nm3277005,"nm2290733, nm0000953, nm0005417, nm0000476"
tt7023596,2017,87,Comedy,3.7,nm9068913,"nm5188998, nm3669004, nm7992092, nm3893910"
tt0092987,1987,93,"Drama, Thriller",5.9,nm0728189,"nm0030153, nm0138081, nm0394829, nm0561273"
tt21289480,2022,119,Comedy,4.7,"nm13850300, nm6637801","nm9706424, nm13677053, nm3301582, nm0080238"
tt0058933,1965,65,"Crime, Drama",4.9,nm0822555,"nm0201323, nm0563300, nm0829807, nm0635622"
tt0135515,1996,156,"Action, Drama, Romance",5.3,"nm1538792, nm2577595","nm0792911, nm0006433, nm0007106, nm0025627"
tt0045296,1952,113,"Biography, Drama, History",7.3,nm0001415,"nm0000008, nm0676492, nm0000063, nm0936476"
tt3490810,2014,88,"Comedy, Drama, Music",4.4,nm1272547,"nm2847668, nm2251846, nm0322937, nm0307591"
tt0120520,1997,102,"Drama, Romance",7.1,nm0812200,"nm0000307, nm0730070, nm0421105, nm0001648"
tt0085524,1983,85,Comedy,6.4,nm0661345,"nm0897715, nm0563481, nm0904371, nm0308523"
tt0084469,1982,100,"Adventure, Romance",4.9,nm0318795,"nm0000121, nm0851742, nm0192785"
tt22054798,2022,123,"Drama, Family, Romance",7.3,nm4321456,"nm9735926, nm14042029, nm9504284, nm14042030, nm10466480, nm8389780"
tt0032477,1940,116,"Adventure, Drama, Romance",6.3,nm0097648,"nm0001791, nm0404046, nm0682074, nm0446769"
tt2078718,2016,91,"Crime, Horror, Mystery",5.3,nm1618225,"nm0593664, nm0001291, nm0568400, nm1169701"
tt0039000,1946,101,"Drama, Film-Noir, Romance",6.4,nm0878338,"nm0067927, nm0837959, nm0335748, nm0215260"
tt19848268,2023,92,"Action, Horror, Thriller",4.8,nm0001438,"nm0702572, nm5628245, nm15078690, nm0139549"
tt1024962,2004,90,"Comedy, Music",6.5,nm0875040,"nm0958057, nm0465427, nm1380583, nm3206316"
tt4513074,2016,83,"Drama, Horror, Mystery",2.7,nm2147099,"nm6908744, nm5307554, nm3985567, nm1000273"
tt7862330,2018,95,"Comedy, Drama",6.8,nm0948012,"nm1920131, nm2744078, nm2607253, nm5835167"
tt1927012,2012,75,"Horror, Sci-Fi",3.8,nm3115925,"nm4709543, nm2208304, nm0266424, nm3799576"
tt0097871,1989,110,"Comedy, Drama, Music",6.7,nm0688585,"nm0487254, nm0002010, nm0045870, nm0451828"
tt0024770,1933,105,"Drama, Romance",6.1,nm0281808,"nm0371040, nm0000022, nm0832011, nm0167113"
tt1735853,2010,100,Drama,6.2,nm0553917,"nm0038258, nm0740856, nm0481185, nm0180837"
tt0109699,1994,93,"Crime, Drama, Thriller",6.5,nm0881919,"nm0351029, nm0300282, nm0000849, nm0253216"
tt0427089,2006,100,"Comedy, Music, Romance",5.7,nm0411213,"nm0293509, nm0828961, nm0542118, nm1692900"
tt0299478,2003,107,"Drama, Music",7.5,nm0000005,"nm0880521, nm0430746, nm0014062, nm0240766"
tt23058594,2022,119,"Action, Crime, Mystery",7.8,nm14183424,"nm10692109, nm1298052, nm14183425, nm0080223"
tt0209280,1999,105,"Drama, Romance",6.8,nm0894742,"nm0116254, nm0217280, nm0530365, nm0859740"
tt0118818,1997,83,"Comedy, Drama",7.1,nm0005139,"nm0001020, nm0824117, nm0125824, nm0072949"
tt0271200,2001,96,"Action, Crime, Thriller",4.3,nm0539803,"nm0000240, nm0001785, nm0513190, nm0654240"
tt1272051,2010,85,"Adventure, Animation, Comedy",5.0,"nm3575075, nm0882296","nm1370204, nm0945094, nm0592491, nm0307628"
tt0391728,2005,91,"Comedy, Drama, Romance",4.3,nm0437596,"nm0234979, nm0004825, nm0511349, nm0388933"
tt8364138,2020,93,"Comedy, Drama, Music",6.5,nm0280396,"nm0915865, nm0005154, nm0004978, nm4924757"
tt0055832,1962,114,"Action, Adventure, Comedy",6.5,nm0003606,"nm0000901, nm0001012, nm0353916, nm0197950"
tt7914022,2021,124,"Action, Crime, Thriller",4.8,nm3737296,"nm1753501, nm4381859, nm0414325, nm7224977"
tt12887178,2021,111,"Comedy, Romance",6.3,nm3060590,"nm5447706, nm3713653, nm1247401, nm0474911"
tt0434139,2006,115,"Comedy, Drama, Romance",6.4,nm0001282,"nm0103785, nm0057150, nm1377375, nm0000729"
tt1210117,2008,84,"Adventure, Animation, Comedy",4.4,"nm0459996, nm1637852","nm0561019, nm2968248, nm0435932, nm0769801"
tt29173745,2023,120,"Romance, Thriller",7.1,nm15265371,"nm15265372, nm9343214, nm12897420, nm13102954"
tt1966359,2017,113,"Comedy, Drama",5.5,nm0003394,"nm0005562, nm1159180, nm0000335, nm1087229"
tt5427032,2016,114,Comedy,3.5,nm2204103,"nm2201881, nm3203200, nm7894180, nm7894181"
tt0976042,2007,88,"Comedy, Drama",6.9,nm0841326,"nm0342623, nm1146327, nm0835345, nm2568231"
tt0382330,2004,133,"Comedy, Drama, Music",7.5,nm0689392,"nm0638824, nm0356516, nm0803649, nm0433479"
tt0045155,1952,109,"Comedy, Musical, Romance",5.7,nm0485647,"nm0105462, nm0930565, nm0262896, nm0086176, nm0837959"
tt22813112,2023,152,"Action, Biography, History",6.6,nm3482943,"nm1045684, nm2082531, nm6377227, nm11436802, nm2412823"
tt0118537,1997,100,"Drama, Sci-Fi, Thriller",3.2,nm0413945,"nm0000532, nm0001595, nm0902794, nm0336797"
tt3416670,2022,108,"Crime, Mystery, Thriller",5.7,nm1110665,"nm0004051, nm1078479, nm0235652, nm3853652"
tt13042460,2020,112,"Action, Comedy",6.1,nm11874998,"nm11874999, nm8981755, nm12602998, nm12037057, nm3079891, nm9068015"
tt0052207,1958,90,"Crime, Horror, Mystery",6.7,nm0337885,"nm0886870, nm0820615, nm0588874, nm0039510"
tt0361467,2004,89,"Comedy, Family, Music",4.7,nm0837406,"nm0517820, nm1083271, nm0305081, nm0000444"
tt5668822,2018,90,"Adventure, Family, Fantasy",4.8,nm1390830,"nm8993984, nm1003081, nm7377386, nm8993985"
tt2317090,2013,100,Drama,5.6,nm2551744,"nm0004731, nm0924552, nm0005551, nm0891042"
tt1353033,2008,120,"Drama, Family",8.2,nm3250747,"nm1335387, nm0858128, nm0415549, nm0706721"
tt1800246,2014,94,"Comedy, Romance",6.1,nm3230448,"nm1374980, nm0430107, nm1886602, nm1782299"
tt0034091,1941,74,"Animation, Comedy, Family",6.7,"nm0921288, nm0527217, nm0194018, nm0412650, nm0455741","nm0070361, nm0317519, nm0672576, nm0117194"
tt0095491,1988,93,"Action, Comedy, Crime",6.9,nm0514906,"nm0000334, nm0508327, nm0497056, nm0160865"
tt9320300,2019,82,"Documentary, Music",7.0,nm4071455,"nm0000118, nm2420407"
tt11530778,2021,91,Drama,4.7,nm0415245,"nm0001250, nm2671105, nm1229301, nm6228932"
tt0048139,1955,71,Western,4.7,nm0145336,"nm0080948, nm0604605, nm0666358, nm0219396, nm14933478"
tt0023225,1932,64,"Comedy, Sport",6.8,nm0166836,"nm0642988, nm0001211, nm0167395, nm0730739"
tt2055666,2011,87,Drama,6.6,nm1572674,"nm0233949, nm0834847, nm2208394, nm1408936"
tt0806686,2007,89,"Drama, Horror, Romance",6.7,nm0678857,"nm0396125, nm0834479, nm1091185, nm0458460"
tt0045174,1952,89,Drama,6.4,nm0828419,"nm0000021, nm0001537, nm0942863, nm0220566"
tt5452210,2021,92,"Biography, Documentary, Music",6.7,nm3964003,"nm1788035, nm0013898, nm1789678"
tt0071613,1973,87,Comedy,5.8,nm0412849,"nm0890118, nm0146237, nm0362791, nm0730425"
tt2014295,2014,94,"Adventure, Drama, History",5.5,nm0002478,"nm0608440, nm0176109, nm0001012, nm2686957"
tt12053110,2023,102,Sport,4.6,"nm2791932, nm2790431","nm4789912, nm6917958, nm1748634, nm14140115"
tt0092112,1986,98,"Comedy, Horror, Music",5.8,nm0001747,"nm0697027, nm0276363, nm0649793, nm0767443"
tt0156983,1995,85,Comedy,7.2,nm0320387,"nm0041957, nm0655684, nm0959190, nm0303599"
tt0262527,1998,148,"Comedy, Romance",5.6,nm0611531,"nm0438463, nm0004487, nm0700869, nm0451600"
tt22476934,2022,77,"Crime, Thriller",6.3,nm4584685,"nm3117467, nm8967661, nm10940091, nm8088062, nm6021633"
tt0323120,2006,77,"Drama, Romance",6.3,nm0112085,"nm1480430, nm0301157, nm0106549, nm0394889"
tt0235858,1988,110,Drama,8.4,nm0536818,"nm0033610, nm1117487, nm0080223"
tt0167341,1998,102,"Adventure, Drama, Family",5.5,"nm0631151, nm0837608","nm0383217, nm0876774, nm0617450, nm0899409"
tt1594534,2010,95,"Crime, Drama, Thriller",6.3,nm0897065,"nm0536095, nm1687404, nm0310865, nm2244205"
tt0048610,1955,108,"Drama, History",7.3,nm0003226,"nm0370644, nm0406737, nm0410965, nm0463152"
tt0107895,1993,90,"Drama, Thriller",5.2,nm0001741,"nm0549825, nm0930095, nm0402531, nm0719824"
tt0387678,2003,137,"Comedy, Crime, Drama",7.4,nm1492802,"nm0451174, nm1241910, nm1269584, nm0443699"
tt0319262,2004,124,"Action, Adventure, Sci-Fi",6.5,nm0000386,"nm0000598, nm0350453, nm0002536, nm0005231"
tt3463938,2023,125,"Drama, Horror, Mystery",4.1,nm2411495,"nm7098961, nm15291338, nm11539270, nm13011039"
tt5810000,2017,78,"Drama, Thriller",7.4,"nm3468427, nm2436790","nm8218034, nm3093222, nm7988612, nm7745883"
tt0024214,1933,64,Drama,7.1,nm0621540,"nm0407329, nm0948989, nm0411417, nm0594667, nm0442848, nm2142123, nm1700980, nm0031832"
tt0094315,1987,90,Drama,7.1,nm0000755,"nm0000012, nm0001273, nm0001637, nm0815433"
tt0038519,1946,61,"Adventure, Crime, Drama",6.3,nm0564971,"nm0007218, nm0179411, nm0055998, nm0339452"
tt0075160,1976,93,"Action, Adventure, Comedy",5.2,nm0856319,"nm0312575, nm0000266, nm0001588, nm0098658"
tt0054749,1960,101,"Drama, War",7.7,nm0001120,"nm0000047, nm0000901, nm0885203, nm0113505"
tt0385524,2004,93,"Comedy, Drama",4.5,nm0154707,"nm0658049, nm0583856, nm1483557, nm0239498"
tt5089534,2017,91,"Comedy, Drama",6.5,nm0836548,"nm3867299, nm4122775, nm1455681, nm0922927"
tt2172095,2015,82,"Drama, Mystery, Sci-Fi",4.4,nm2132286,"nm3010155, nm0000278, nm1371957, nm1760389"
tt12744120,2021,117,Drama,7.0,nm0182450,"nm0785842, nm0650024, nm0273827, nm3013374"
tt3409392,2014,96,"Drama, War",7.1,nm0803066,"nm6784754, nm0229139, nm6158234, nm6784756"
tt0184471,1999,101,Drama,6.8,nm0909429,"nm0049289, nm0886045, nm0725720, nm0280802, nm0909428, nm0411095"
tt2375379,2012,108,"Action, Adventure, Animation",7.7,nm0619110,"nm0849028, nm0620017, nm0645500, nm0945322"
tt0086566,1985,93,"Action, Crime, Drama",6.1,nm0577025,"nm0477088, nm0001233, nm0818874, nm0553436"
tt0995740,2007,128,"Drama, Horror, Mystery",7.3,nm0440604,"nm1303433, nm1779702, nm0712546, nm1249116"
tt1059786,2008,118,"Action, Mystery, Thriller",6.6,nm0142286,"nm0479471, nm1157358, nm0206257, nm0004821"
tt2496808,2014,107,Drama,7.0,nm0469063,"nm1773716, nm0080866, nm2461660, nm5299144"
tt0107309,1994,96,Drama,6.3,nm0865422,"nm0556343, nm0200848, nm0270876, nm0293981"
tt0054058,1960,92,"Action, Crime, Drama",6.2,nm0211964,"nm0000308, nm0558663, nm0223157, nm0780038"
tt9817924,2019,86,Comedy,5.7,nm0875012,"nm0609999, nm5570957, nm0557983, nm1950534"
tt2711672,2013,86,"Comedy, Drama, Romance",6.5,nm2289023,"nm0007814, nm1231312, nm0055455, nm1400994"
tt1286811,2008,117,Drama,8.2,nm0698184,"nm0695177, nm1597362, nm3833238, nm0820200"
tt7892450,2020,82,"Animation, Family, Fantasy",4.2,nm2669989,"nm11339449, nm9109639, nm7402965, nm5441346"
tt0419420,2004,83,"Comedy, Drama",7.1,nm1049433,"nm0614755, nm0641177, nm0235694, nm1759130"
tt7392014,2020,104,"Comedy, Romance",6.4,nm0506802,"nm11357140, nm4359664, nm3691746, nm5122748"
tt0277434,2002,138,"Action, Drama, History",7.2,nm0908824,"nm0000154, nm0000656, nm0001427, nm0000385"
tt0974662,2009,97,"Animation, Drama, Family",6.2,nm0484901,"nm0005412, nm0000643, nm0000995, nm0361959"
tt0035671,1943,90,"Drama, War",6.7,nm0213136,"nm0872938, nm0000051, nm0295546, nm0424345"
tt0243222,2001,85,"Drama, Romance",6.8,nm0715164,"nm0000754, nm0031001, nm0033505, nm0037192"
tt5300154,2019,83,"Adventure, Sci-Fi",4.2,nm3247772,"nm6697250, nm7816384, nm5990084, nm7357218"
tt10508838,2020,110,"Action, Adventure, Fantasy",6.2,nm0151125,"nm5376582, nm10375392, nm3360636"
tt4314716,2017,81,Horror,3.3,nm1474879,"nm2849965, nm0424684, nm0492345, nm5412283"
tt11891246,2022,89,Horror,4.9,nm0502954,"nm2772105, nm1913125, nm0049313, nm0828613"
tt0048696,1955,80,"Horror, Sci-Fi",6.4,nm0000791,"nm0000730, nm0179408, nm0001991, nm0656980"
tt2751140,2016,83,"Action, Adventure, Comedy",2.8,nm2109553,"nm1987095, nm3063047, nm1057928, nm1282278"
tt0234829,2001,104,"Comedy, Drama, Romance",5.1,nm0866132,"nm0005327, nm0004754, nm0911542, nm0000498"
tt20873160,2022,96,"Animation, Documentary",7.9,nm3777849,"nm13736407, nm13736408, nm13755399, nm13755413"
tt0074168,1978,120,"Crime, Drama, Musical",7.1,"nm0149631, nm0069449","nm0252843, nm0813589, nm0765169, nm0252850"
tt0072342,1975,101,Drama,6.4,nm0001031,"nm0311728, nm0337541, nm0601730, nm0350727"
tt1094241,2008,130,"Drama, Romance",7.0,nm0813786,"nm0810722, nm1483984, nm1837583, nm0869777"
tt2180317,2016,80,Horror,3.0,nm2609412,"nm4911088, nm0137021, nm4878573, nm4878357"
tt14895206,2022,107,"Action, Drama, Western",5.4,nm0001353,"nm0910607, nm0000353, nm3014031, nm4042991"
tt4681454,2017,100,"Drama, Horror, Mystery",6.1,nm1310794,"nm1628079, nm1747924, nm4973896, nm7637163"
tt0080408,1980,123,"Drama, Mystery, Thriller",6.9,nm0001676,"nm0307316, nm0000622, nm0000172, nm0001186"
tt3432552,2015,93,"Drama, Horror, Mystery",5.2,nm1394062,"nm2452551, nm1712549, nm1489930, nm3771539"
tt4537362,2014,95,Comedy,1.2,nm0903526,"nm0451547, nm1935955, nm2154320, nm4414480"
tt0019611,1928,68,"Drama, Fantasy",7.1,nm0235590,"nm1140779, nm0618858, nm0840935, nm0688055, nm3714074, nm0039931"
tt13148808,2020,109,"Comedy, Drama",6.0,nm12045340,"nm3482978, nm8105878, nm3113075"
tt1693039,2012,75,"Adventure, Animation, Family",6.0,nm0195039,"nm5406899, nm3523306, nm1485642, nm6205681"
tt13029044,2021,110,"Drama, Sci-Fi, Thriller",4.9,nm3231728,"nm1631269, nm4861346, nm1950004, nm13163017"
tt0356470,2004,95,"Comedy, Family, Romance",5.9,nm0743093,"nm0240381, nm0614877, nm0177639, nm0126004"
tt0984175,2007,92,Drama,6.9,nm0854098,"nm2045457, nm0954756, nm2589781, nm2585933"
tt0474622,2006,102,"Comedy, Drama",6.8,nm0122184,"nm0376655, nm0246638, nm0324496, nm1734654"
tt0061613,1967,104,Drama,7.2,nm0001596,"nm0542146, nm0162948, nm0885098, nm0070644"
tt0960097,2009,97,"Comedy, Drama, Romance",5.5,nm0437802,"nm0005313, nm0813812, nm0005412, nm0005194"
tt4160608,2020,88,"Comedy, Crime",5.1,nm4694844,"nm2908492, nm1213456, nm0100793, nm6117443"
tt0274959,1999,149,"Drama, Romance",5.1,"nm0437781, nm9965267","nm0015001, nm0222266, nm0304261, nm0304265, nm0417310"
tt2401023,2012,87,"Adventure, Drama, History",7.6,nm0842642,"nm4199362, nm5052384"
tt0082681,1981,96,"Comedy, Drama",7.2,nm0705823,"nm0957372, nm0052031, nm0236736, nm0901280"
tt20222422,2022,90,"Horror, Mystery",4.5,nm1410989,"nm7199908, nm0909763, nm9255499, nm9393151"
tt0312549,2003,98,"Biography, Crime, Drama",6.8,nm0001708,"nm0000949, nm0268199, nm0002084, nm0001354"
tt0102453,1991,94,"Comedy, Mystery, Thriller",5.2,nm0827767,"nm0001385, nm0943237, nm0001381, nm0348409"
tt26920120,2023,101,"Action, Comedy, Crime",6.7,nm9604965,"nm14058569, nm12749556, nm9085248, nm12438442, nm3835968, nm14604398, nm6425561, nm6552464"
tt6467968,2017,103,Drama,7.5,nm0464526,"nm9792820, nm1383983, nm0052468, nm1091878"
tt19623240,2023,84,Horror,2.9,nm6294482,"nm10489274, nm10791266, nm6502355, nm8380569"
tt11457262,2020,134,Comedy,6.5,nm6294929,"nm11386268, nm4852977, nm11386267, nm3496186, nm1241555, nm11386269"
tt6069668,2017,104,Drama,6.2,nm1136120,"nm0959515, nm0314980, nm0764754, nm6187368"
tt1707380,2015,118,Drama,5.4,nm0000694,"nm0290556, nm1022527, nm1258787, nm8782894"
tt3416744,2015,106,"Biography, Drama",7.2,nm1242054,"nm0781981, nm0251986, nm0001043"
tt0021917,1931,72,"Comedy, Romance",5.1,nm0002031,"nm0269567, nm0478851, nm0000951, nm0935415"
tt1592521,2011,98,"Comedy, Drama, Romance",6.6,nm0998110,"nm2285844, nm1666855, nm0209409"
tt5111382,1997,158,"Comedy, Drama",8.0,nm4620176,"nm0267434, nm1871112, nm2387939, nm0015285"
tt0304120,2002,106,"Drama, Mystery, Thriller",5.8,nm1103136,"nm0947514, nm1097536, nm0839293, nm0158648"
tt0172495,2000,155,"Action, Adventure, Drama",8.5,nm0000631,"nm0000128, nm0001618, nm0001567, nm0001657"
tt3386144,2013,90,"Drama, Family",6.6,nm0919339,"nm6134983, nm0776934, nm0213912, nm7058528"
tt3470656,2015,86,"Horror, Mystery, Thriller",3.4,nm4840973,"nm2628561, nm5868395, nm0865302, nm4484899"
tt7677420,2019,95,"Comedy, Horror",4.2,nm0274842,"nm0583951, nm0000499, nm0000448, nm3211555"
tt0220029,1992,50,"Drama, Family",3.8,nm0160126,"nm0924684, nm0681874, nm1056448, nm1709175"
tt5591786,2017,110,"Biography, Drama, History",7.1,nm1006656,"nm5802166, nm9236420, nm8116182, nm9236418"
tt3062880,2014,115,Drama,7.7,nm1729095,"nm0253813, nm0008787, nm0025381, nm0539764"
tt1890455,2012,85,"Horror, Thriller",3.3,nm1407430,"nm0125653, nm2740844, nm3553039, nm2298317"
tt0318020,2003,90,"Action, Adventure",2.0,nm0849121,"nm0001595, nm0001702, nm0847727, nm0031981"
tt0058981,1965,102,Comedy,6.4,nm0723664,"nm0000348, nm0001471, nm0767414, nm0773311"
tt1247662,2009,102,"Comedy, Romance",5.8,nm2360037,"nm0088127, nm2187603, nm1034965, nm1148573"
tt2178941,2012,105,Drama,7.2,nm0678857,"nm0396125, nm1665537, nm0090674, nm2322467"
tt0111419,1994,86,"Adventure, Animation, Family",6.2,"nm0089940, nm0325776","nm0072533, nm0408189, nm0174581, nm0176904"
tt1712192,2016,102,"Action, Crime, Drama",6.4,nm0239001,"nm1569276, nm1812656, nm0000547, nm1954240"
tt3863870,2015,92,Comedy,6.1,nm2522719,"nm0834479, nm0311476, nm0775858, nm0295568"
tt0381707,2004,109,"Comedy, Crime",5.8,nm0005540,"nm0005541, nm0915465, nm0005311, nm0005533"
tt0260440,1975,81,"Action, Drama",2.7,nm0954918,"nm0370187, nm0134235, nm0915845, nm0709415"
tt25966332,2023,109,"Action, Sport, Thriller",7.7,nm12151670,"nm14452648, nm12441848, nm14452649, nm12814195"
tt0071707,1974,113,Drama,7.0,nm0315547,"nm0080153, nm0593965, nm0122203, nm0080346"
tt1320297,2008,111,Comedy,7.5,nm0542069,"nm0084241, nm0135667, nm0061484, nm0170168"
tt6712014,2017,141,Comedy,6.5,nm1805326,"nm4992002, nm5607349, nm3170495, nm3190972"
tt1846472,2012,122,Drama,6.4,nm0000801,"nm4580656, nm0545838, nm1570048, nm4580260"
tt0044685,1952,112,"Biography, Family, Musical",6.8,nm0896533,"nm0001414, nm0335048, nm0419929, nm0909715"
tt0165214,1977,95,"Action, Drama",5.0,nm0912340,"nm0094312, nm0494890, nm0521815, nm0437651"
tt0050850,1957,95,"Crime, Drama, Romance",7.1,nm0163229,"nm0105482, nm0105467, nm0896331, nm0140153"
tt1230207,2009,107,"Action, Crime, Drama",5.8,nm0052054,"nm1459463, nm1142921, nm0556344, nm0307628"
tt13058290,2020,79,"Documentary, Music",7.3,nm0837576,nm9820212
tt0101780,1991,111,"Action, Comedy, Romance",5.8,nm0477035,"nm0950757, nm0155546, nm0611315, nm0628806, nm0311508, nm0516319, nm1293444, nm0157971, nm0490614"
tt1161411,2010,96,"Comedy, Musical",4.8,nm0785515,"nm0010207, nm0087249"
tt0093650,1986,94,Comedy,5.7,nm0921631,"nm0577423, nm0686375, nm0379072, nm0921632"
tt0353525,2003,100,Drama,4.4,nm0647498,"nm0249193, nm1172478, nm1376894, nm1375933"
tt0068352,1973,89,Horror,5.9,nm0336076,"nm0098393, nm0763852, nm0042046, nm0268072"
tt0037790,1945,78,"Comedy, Fantasy, Music",6.6,nm0909825,"nm0000912, nm0807252, nm0602834, nm0430870"
tt8452136,2019,87,Comedy,5.9,nm0233555,"nm2003229, nm0448861, nm9694289"
tt0059022,1964,102,"Adventure, Drama, War",6.1,nm0880618,"nm0768334, nm0771268, nm0001306, nm0551102"
tt5456546,2017,145,"Action, Comedy",3.6,nm0223522,"nm3315894, nm2596365, nm3966456, nm0451600"
tt0083851,1982,108,"Comedy, Drama, Mystery",7.2,nm0000425,"nm0001891, nm0840531, nm0483069, nm0292140"
tt0300657,2001,130,"Adventure, Fantasy",3.8,nm0111084,"nm0954076, nm0244451, nm0468684, nm1411893"
tt9895024,2021,118,"Comedy, Drama, Sport",6.8,nm8135721,"nm10529687, nm10529688, nm0019027"
tt4550420,2016,85,"Comedy, Drama, Romance",6.0,nm1054899,"nm0004395, nm1802209, nm2182042, nm3239525"
tt4851630,2016,120,"Comedy, Drama, Thriller",8.3,nm4584004,"nm1335704, nm7936195, nm6229968, nm4425773"
tt2980648,2014,122,"Comedy, Drama",7.3,nm0002120,"nm0000545, nm0700875, nm2110485, nm3114649"
tt0108602,1992,165,"Crime, Drama, History",8.2,nm0911042,"nm0420662, nm2117080, nm1111787, nm2115624"
tt0073482,1975,105,"Comedy, Crime, Family",7.2,nm0050853,"nm0819825, nm0344655, nm0120381, nm0910432"
tt1688225,2010,60,"Action, Drama, Fantasy",5.8,nm2031561,"nm0453705, nm0496932, nm1117699, nm0128345, nm3780555"
tt0210302,1999,84,"Drama, Fantasy, Horror",6.8,nm0875354,"nm0609403, nm0753416, nm0875489, nm0609306"
tt0057841,1965,72,"Adventure, Biography, Comedy",8.1,nm0098208,"nm0162958, nm0090479, nm0176093, nm0678430"
tt0108355,1993,99,"Comedy, Drama",6.1,nm0305557,"nm0768574, nm0755364, nm0328020, nm0018872"
tt5693562,2017,121,"Comedy, Drama, Sport",6.7,nm2432984,"nm5620173, nm0023858, nm5170969, nm6891241"
tt0106918,1993,154,"Drama, Mystery, Thriller",6.9,nm0001628,"nm0000129, nm0000675, nm0000432, nm0001358"
tt0061015,1966,90,"Comedy, Musical, Romance",5.7,nm0851537,"nm0000062, nm0001193, nm0564223, nm0550847"
tt1450321,2013,97,"Action, Comedy, Crime",7.0,nm1580671,"nm0564215, nm0068260, nm0550371, nm1782299"
tt13315432,2023,91,"Crime, Drama, Thriller",7.3,nm9581897,"nm13566853, nm13568117, nm13566851, nm13566852"
tt2196254,2012,140,"Comedy, Romance",7.5,nm5326250,"nm4362492, nm1263093, nm3243068, nm0802251"
tt0474694,2005,96,Drama,5.9,nm0264967,"nm0125540, nm0956956, nm0005975, nm0330934"
tt0138474,1999,95,Comedy,4.3,nm0152635,"nm0000236, nm0364583, nm0001672, nm0458951"
tt0312305,2010,50,"Adventure, Animation, Sci-Fi",5.1,"nm1004541, nm0820800","nm1517976, nm0001605, nm0000168, nm0159789"
tt8253606,2019,212,"Comedy, Drama, Romance",4.1,nm0444244,"nm9217750, nm9056043, nm0444248, nm7823472"
tt14338074,2021,100,"Biography, Drama, War",6.5,nm7158781,"nm6296758, nm4812363, nm1758855, nm4022830, nm10985836, nm1983026, nm8967927"
tt26243612,2023,136,"Comedy, Musical, Romance",6.7,nm14893259,"nm11949061, nm5786946, nm8971057, nm4224898"
tt0199688,1986,84,Comedy,6.0,nm0367187,"nm0699614, nm0989781, nm0262432, nm1052749"
tt0113361,1996,86,"Fantasy, Horror, Mystery",4.0,nm0543622,"nm0091014, nm0018931, nm0028986, nm0182842"
tt9472532,2020,88,"Action, Comedy, Sci-Fi",4.6,nm1966532,"nm0012078, nm0001314, nm2930154"
tt6710474,2022,139,"Action, Adventure, Comedy",7.8,"nm3453283, nm3215397","nm0000706, nm3513533, nm0000130, nm0702841"
tt0105435,1992,126,"Comedy, Crime, Drama",7.1,nm0004675,"nm0000602, nm0000101, nm0001627, nm0549992"
tt5323568,2016,132,"Mystery, Thriller",6.5,nm1465835,"nm1521381, nm0007123, nm6684210, nm7733137"
tt0452778,2005,108,Comedy,6.3,nm0194920,"nm1182729, nm1335782, nm0289909, nm1875126"
tt0479884,2006,88,"Action, Crime, Thriller",6.9,"nm0004410, nm0962729","nm0005458, nm0005442, nm0764430, nm1504678"
tt1196338,2010,104,"Crime, Drama, Thriller",3.2,nm0389311,"nm0000532, nm1338636, nm0000961, nm2016345"
tt0111151,1995,97,"Drama, Mystery, Romance",3.9,nm0170567,"nm0000167, nm0001367, nm0000722, nm0001954"
tt22188452,2023,134,"Crime, Drama",5.6,nm6273700,"nm1596350, nm0440604, nm4269474, nm12136020"
tt3069954,2013,137,"Biography, Drama, History",6.9,nm2538739,"nm5817716, nm2523085, nm5120389, nm5817710, nm1906273, nm5817715"
tt8404614,2019,125,"Biography, Comedy, Drama",7.6,nm0576987,"nm0000596, nm0000164, nm1375877, nm0323483"
tt9201720,2019,79,Drama,5.4,nm4317471,"nm2240997, nm9289456, nm5288006, nm1378478"
tt0048341,1955,80,"Romance, Western",6.0,nm0000791,"nm0000851, nm0179408, nm0573640, nm0215000"
tt4145178,2015,103,"Biography, Documentary",8.1,nm2257147,nm2788786
tt4194558,2020,91,"Action, Thriller",3.8,nm0005647,"nm0012078, nm0001664, nm2086223, nm6216001"
tt0097142,1989,117,"Comedy, Drama",6.3,nm0325204,"nm0000493, nm0001101, nm0001156, nm0000834"
tt7321356,2018,99,"Comedy, Sci-Fi",5.7,nm0191109,"nm0959304, nm0840754, nm1964119, nm1693112"
tt17007120,2023,110,"Comedy, Drama",6.3,"nm0330751, nm2359372","nm0302108, nm0006969, nm3512758, nm6543093"
tt0105236,1992,99,"Crime, Thriller",8.3,nm0000233,"nm0000172, nm0000619, nm0000514, nm0001606"
tt2304953,2014,91,"Crime, Drama, Mystery",5.7,nm0398185,"nm1002641, nm0000168, nm0005349, nm0730455"
tt2855026,2013,98,"Documentary, Drama",6.7,nm1667635,"nm4380977, nm5635633, nm5635676, nm4381318"
tt11127256,2020,73,"Horror, Thriller",2.8,nm0368693,"nm1546474, nm2493337, nm10525524, nm0518739"
tt2007360,2013,92,Comedy,6.2,nm1216004,"nm5421253, nm5421727, nm0927812, nm3416644"
tt3197780,2023,89,"Comedy, Drama",5.3,"nm2318954, nm2321422","nm0000510, nm0680766, nm0546816, nm2332660"
tt0085250,1983,89,"Action, Crime, Drama",4.6,"nm0559769, nm0507072","nm0002098, nm0864081, nm0282954, nm0738928"
tt8400584,2023,99,"Comedy, Drama, Romance",5.1,nm0667015,"nm0005517, nm5469428, nm0868659, nm1043164"
tt0078119,1978,98,"Comedy, Western",7.5,"nm0685625, nm0894758","nm0162524, nm0596481, nm0224441, nm0714287"
tt0478763,2007,86,"Comedy, Romance",4.3,nm1054692,"nm0240564, nm0919258, nm0833245, nm1015272"
tt0075260,1976,93,"Action, Comedy, Crime",6.0,nm0179278,"nm0587401, nm0001588, nm0648282, nm0543054"
tt11987082,2021,130,"Comedy, Romance",5.6,nm12284821,"nm1302330, nm0154653, nm9876442, nm12892353"
tt0138524,2003,100,"Comedy, Crime, Romance",6.3,"nm0001054, nm0001053","nm0000123, nm0001876, nm0000671, nm0001691"
tt2420176,2012,108,Drama,5.5,nm0622734,"nm1034352, nm2074966, nm2872716, nm0868381"
tt0051807,1958,92,"Crime, Drama, Mystery",6.6,nm0840671,"nm0590940, nm0632967, nm0437520, nm0847094"
tt1837574,2014,112,"Crime, Drama, Thriller",6.2,nm1976116,"nm0272252, nm0334318, nm0556453, nm2489799"
tt0056683,1961,89,Comedy,5.9,nm0141351,"nm0598257, nm0680587, nm0548767, nm0247881"
tt23736044,2023,127,"Drama, Thriller",7.9,nm0466153,"nm2747232, nm1216345, nm13318127, nm12906795"
tt0041329,1949,112,"Drama, Romance",6.5,nm0002030,"nm0000075, nm0000039, nm0402842, nm0232019"
tt4105466,2014,106,Drama,6.6,nm2435824,"nm6830028, nm5050688, nm6830029, nm6830030"
tt0050177,1957,76,"Horror, Sci-Fi",3.9,nm0330026,"nm0336335, nm0145312, nm0030194, nm0943660"
tt0130174,1997,100,Drama,6.6,nm0767022,"nm0554966, nm0273451, nm0704719, nm0051706"
tt1905059,2010,124,"Comedy, Drama, Romance",6.4,nm0453411,"nm3827087, nm1030523, nm0753486, nm1856097, nm1494129, nm1367681"
tt0064940,1969,129,"Drama, Fantasy",6.8,nm0000019,"nm0693318, nm0445657, nm0097034, nm0709951"
tt0069957,1974,83,"Comedy, Sci-Fi",3.7,nm0765430,"nm0001483, nm0715857, nm0515162, nm0203285"
tt21950462,2023,120,"Mystery, Thriller",5.4,nm1571412,"nm1208167, nm0440913, nm1910857, nm0142972"
tt0100395,1990,101,"Comedy, Drama",6.7,nm0001566,"nm0000658, nm0000511, nm0000598, nm0000432"
tt22486094,2022,143,"Comedy, Drama, Romance",7.2,nm11065997,"nm9876442, nm7331044, nm8652056, nm9876443"
tt0929860,2008,115,"Action, Comedy, Romance",6.9,nm1030706,"nm1480573, nm1845421, nm2185308, nm0989100"
tt0090202,1985,137,Drama,7.1,nm0070867,"nm0619662, nm0348481, nm0438027, nm0713618"
tt15022184,2022,107,"Drama, Romance",5.3,"nm1633071, nm2887967","nm8175959, nm12747082, nm9602953, nm3943964"
tt0215196,1999,103,"Crime, Drama",6.5,nm0070865,"nm0097893, nm0745509, nm0766146, nm2715571"
tt5285050,2015,127,Drama,7.3,nm4242010,"nm1421814, nm3898762, nm7809884, nm5297321"
tt11575534,2020,97,"Comedy, Romance",4.2,nm5526516,"nm1794783, nm11259435, nm11259436, nm2066323"
tt26903085,2023,118,"Comedy, Drama, Romance",8.7,nm6457871,"nm2682356, nm1533492, nm1295765, nm7317732"
tt0130216,1978,84,Horror,5.1,nm0323670,"nm0493816, nm0036261, nm0141852, nm0058636"
tt9248996,2019,122,Comedy,3.6,nm10245024,"nm2585918, nm2240044, nm2243737, nm9290252"
tt0252329,2000,102,"Crime, Drama",6.2,nm0214833,"nm0536085, nm0576662, nm0535262, nm0730257"
tt0113755,1995,96,"Comedy, Family",5.2,nm0650561,"nm0000331, nm0000396, nm0001795, nm0001841"
tt0110490,1994,102,"Action, Drama, Thriller",5.6,nm0485878,"nm0000185, nm0001470, nm0000703, nm0219208"
tt16280138,2023,112,"Comedy, Drama",5.2,nm0001752,"nm1475594, nm0000161, nm0451351, nm14546933"
tt0066607,1969,93,"Comedy, Drama, Romance",7.0,nm0945282,"nm0040910, nm0047962, nm0594391, nm0766307"
tt0030240,1938,79,"Comedy, Romance",6.2,nm0547446,"nm0001577, nm0641454, nm0001682, nm0053616"
tt11385066,2019,78,"Drama, Sci-Fi, Thriller",2.8,nm3645591,"nm10510407, nm4988864, nm7607524, nm0223715"
tt0047369,1954,81,"Drama, War",5.0,nm0554249,"nm0395667, nm0001654, nm0002079, nm0552185, nm0393028"
tt1323973,2013,89,"Crime, Drama, Mystery",6.2,nm0597673,"nm0000295, nm0000560, nm0000342, nm0671032"
tt4686692,2015,100,"Biography, Comedy, Drama",6.7,nm0009463,"nm5601350, nm7495720, nm7495721, nm7495722"
tt0019884,1929,110,"Action, Adventure, Romance",6.0,nm0001008,"nm0392442, nm0497759, nm0336339, nm0741182"
tt5973032,2016,76,"Drama, Horror",6.4,nm0814469,"nm5657152, nm1353095, nm1024345, nm4132435"
tt0111454,1994,125,"Biography, Drama, Romance",6.3,nm0317981,"nm0000353, nm0001669, nm0365281, nm0244957"
tt0037798,1944,68,"Crime, Drama",2.6,nm0627864,"nm0400794, nm0523102, nm0587534, nm0651754"
tt4712076,2018,90,Comedy,6.1,nm4227232,"nm1727825, nm4398370, nm1254942, nm1727621"
tt0104239,1991,81,Horror,6.3,nm0950767,"nm0947256, nm0304690, nm0340823, nm0468926"
tt2905838,2014,153,"Action, Adventure, Comedy",5.6,nm1893457,"nm0004335, nm1229940, nm0539497, nm0219939"
tt0120034,1997,98,"Comedy, Drama, Romance",7.1,nm0917992,"nm0000606, nm0001689, nm0908116, nm0291233"
tt0071798,1975,95,"Drama, Romance",6.3,nm0587085,"nm0413559, nm0948772, nm0580357, nm0122780"
tt0038973,1946,90,"Drama, Film-Noir, Music",5.7,nm0372942,"nm0000752, nm0155011, nm0456845, nm0261350"
tt0119931,1998,91,"Mystery, Thriller",5.1,nm0152284,"nm0000494, nm0371660, nm0000449, nm0001018"
tt0070660,1973,99,"Crime, Drama, Romance",6.0,nm0223964,"nm0309470, nm0740067, nm0848583, nm0303413"
tt12257158,2020,74,Drama,6.3,nm3504356,"nm6652668, nm3838233, nm8325697, nm12568667"
tt0187178,1990,153,"Action, Comedy, Family",8.1,nm0706484,"nm0158112, nm0004437, nm0080238, nm0103977"
tt20414550,2023,115,"Comedy, Drama",6.2,nm0600546,"nm1399770, nm0358390, nm0439642, nm0526616"
tt1032825,2009,119,Drama,6.3,nm0740400,"nm0000204, nm0169753, nm0001435, nm2253071"
tt0202077,1999,115,Drama,7.2,nm0277933,"nm0793491, nm0011571, nm0746371, nm0330971, nm0169016, nm0017133, nm0156737"
tt1073242,2007,91,Horror,3.3,nm1438206,"nm0791898, nm2066664, nm2862102, nm1232596"
tt0118043,1996,118,Drama,6.8,nm0772522,"nm0000518, nm0000090, nm0424167, nm0845270"
tt0118159,1996,93,Action,5.2,nm0552954,"nm0025891, nm0072550, nm0144305, nm0144307"
tt0081541,1980,92,Comedy,6.5,nm0956022,"nm0301556, nm0655582, nm0000809, nm0846139"
tt7220696,2018,103,"Drama, History, War",6.7,nm0474289,"nm0839432, nm0901346, nm1066352, nm4018443"
tt5442308,2016,126,"Action, Comedy, Crime",6.7,"nm15585599, nm7905703","nm1058565, nm15590353, nm15590555"
tt0039195,1948,90,"Crime, Drama, Mystery",6.7,nm0002165,"nm0001289, nm0387753, nm0280406, nm0001284"
tt1313139,2011,90,"Comedy, Drama, Romance",5.8,nm0267497,"nm1015262, nm0491402, nm0001416, nm0005049"
tt7902704,2018,130,"Action, Crime, Drama",3.3,nm1352172,"nm4753603, nm5194945, nm0896573, nm0793851"
tt13958318,2021,130,"Drama, Romance",5.5,"nm5650589, nm1862815, nm1777967","nm1069826, nm3898762, nm8306579, nm7485304"
tt2645044,2013,108,"Action, Comedy, Drama",5.6,nm1299690,"nm1091782, nm1833620, nm2348646, nm1424556"
tt0030775,1938,110,"Action, Comedy, Drama",6.7,nm0368871,"nm0706368, nm0000020, nm0483787, nm0848667"
tt0392394,1969,77,"Action, Adventure, History",5.8,"nm0244421, nm0433657","nm0035067, nm0701121, nm0134435, nm0582494"
tt0758774,2008,128,"Action, Drama, Thriller",7.0,nm0000631,"nm0000138, nm0000128, nm0835016, nm0267042"
tt5227468,2016,120,"Drama, Romance, Thriller",2.9,nm7752309,"nm1293381, nm3152983, nm3365680, nm0894348"
tt6907804,2017,85,"Comedy, Drama, Family",4.3,nm3207292,"nm0450975, nm1679435, nm2955024, nm1166576"
tt0031968,1939,82,"Thriller, War",6.9,nm0003836,"nm0891998, nm0387753, nm0789970, nm0330961"
tt0019043,1928,81,Drama,7.0,nm0455938,"nm1797861, nm0157380, nm0051758, nm0644581, nm7219909, nm0619980, nm0782837, nm2885510"
tt1527186,2011,135,"Drama, Sci-Fi",7.1,nm0001885,"nm0000379, nm0001250, nm0000662, nm0002907"
tt0048211,1953,84,"Drama, War",6.7,nm0357891,"nm0728085, nm0370144, nm0930776, nm0575974"
tt1068962,2010,104,"Comedy, Drama",6.2,nm0532509,"nm0944543, nm0430991, nm0060584, nm0109973"
tt0086618,1983,96,"Action, Adventure, Comedy",5.9,nm0198991,"nm0001037, nm0001967, nm0001507, nm0001045"
tt0366900,2003,90,"Drama, Thriller",6.0,nm0553379,"nm0000661, nm0316284, nm0733625, nm0148430"
tt30876762,2024,112,Romance,7.9,nm15724580,"nm11399447, nm9855596, nm2867939, nm10464666"
tt0293478,2001,85,"Horror, Mystery, Thriller",4.6,nm1033087,"nm0645648, nm0756874, nm1217490, nm0559615"
tt10518176,2022,145,"Action, Drama, Thriller",6.9,nm10781275,"nm4028885, nm9195417, nm1432578, nm3557375"
tt0084532,1982,183,"Drama, Musical, Romance",7.1,nm0004292,"nm0004433, nm0620785, nm0849863, nm0315551"
tt1527202,1991,134,"Action, Adventure, Thriller",6.6,nm0782484,"nm9006579, nm0408054, nm8918470, nm4929840, nm14622107, nm9517613, nm14622111"
tt0339579,2002,116,"Action, Adventure, Sci-Fi",6.4,nm0945724,"nm0437580, nm0840551, nm0457240, nm0452817"
tt0258850,2000,100,"Comedy, Romance",6.0,nm0150906,"nm0504899, nm0002000, nm0910947, nm0154726"
tt0021622,1931,108,Drama,6.2,nm0000406,"nm0172903, nm0371040, nm0071992, nm0030653"
tt3066270,2013,87,Comedy,6.4,nm0638115,"nm2504581, nm5813361, nm3933829, nm5942917"
tt0074584,1976,100,Comedy,5.3,nm0684509,"nm0598971, nm0068941, nm0105475, nm0531511"
tt1928337,2012,92,"Horror, Mystery, Thriller",5.3,nm3413681,"nm0189200, nm0263759, nm1969169, nm1566474"
tt1051226,2009,92,"Comedy, Horror, Sport",4.0,nm2688488,"nm1154986, nm2067949, nm0614151, nm1452211"
tt9598594,2019,91,"Horror, Thriller",4.7,nm2201450,"nm9455181, nm6687877, nm10074746, nm10410723"
tt0120822,1999,97,Family,3.9,"nm0540021, nm0280976","nm0510275, nm0022609, nm0401611, nm0677429"
tt3354222,2014,117,"Adventure, Horror, Sci-Fi",6.3,nm0586281,"nm1126340, nm6327727, nm1071413, nm2202409"
tt0087260,1984,96,Comedy,5.3,nm0504513,"nm0001574, nm0000350, nm0001283, nm0827298"
tt0021335,1930,86,"Drama, Romance",5.4,nm0002188,"nm0154183, nm0545298, nm0578014, nm0256298"
tt6187134,2020,86,Drama,6.4,nm2052156,"nm0001872, nm3255459, nm9173123, nm0235652"
tt1716759,2011,88,"Action, Crime, Drama",4.6,nm2803601,"nm0331577, nm2036232, nm0050629, nm1002664"
tt0040512,1948,79,"Crime, Drama, Film-Noir",6.7,nm0287988,"nm0000021, nm0000044, nm0628579, nm0751289"
tt0030483,1938,62,Mystery,6.7,nm0287988,"nm0000048, nm0536604, nm0928295, nm0722424"
tt12724306,2022,79,"Horror, Mystery, Thriller",5.6,nm3599485,"nm0477127, nm0799777, nm3812343, nm3960505"
tt8532782,2018,155,"Comedy, Mystery",5.0,nm6209399,"nm4486082, nm0579756, nm1388202, nm5573564, nm3935249"
tt0270020,2001,90,Comedy,5.8,"nm0417352, nm0617352","nm0610904, nm0771035, nm0843792, nm0890877"
tt0060223,1966,91,"Drama, Thriller",7.5,nm0767022,"nm0581042, nm0562841, nm0694934, nm0349427"
tt0066921,1971,136,"Crime, Sci-Fi",8.3,nm0000040,"nm0000532, nm0535861, nm0060988, nm0165049"
tt0266465,2003,109,"Action, Crime, Drama",6.0,nm0336620,"nm0004874, nm0648249, nm0005478, nm0798316"
tt0117567,1997,98,"Drama, Thriller",3.9,nm0567979,"nm0566044, nm0002989, nm0639400, nm0445203"
tt15909848,2021,114,"Drama, Mystery, Thriller",5.2,nm1888362,"nm0637191, nm1403777, nm2013399, nm1404215"
tt2011961,2012,93,"Comedy, Family",4.3,nm0154385,"nm0783879, nm1525639, nm1159895, nm0553237"
tt1318025,2009,94,"Mystery, Thriller",5.7,nm2688320,"nm0025745, nm1123309, nm0812073, nm0380359"
tt0472205,2007,94,"Comedy, Romance",6.2,nm0815418,"nm0614165, nm0005154, nm0837177, nm0659353"
tt0780568,2007,89,"Comedy, Drama, War",5.5,nm0506374,"nm0773845, nm0618057, nm0343857, nm0022672"
tt0114550,1995,99,"Comedy, Drama, Romance",7.1,nm0277439,"nm0246585, nm0919867, nm0179076, nm0100384"
tt4636252,2016,88,Comedy,5.5,nm1274464,"nm2207617, nm1106590, nm1533235, nm0617427"
tt0054761,1961,180,"Action, Adventure, Drama",6.5,nm0002193,"nm0431139, nm0299014, nm0597816, nm0223619"
tt1678044,2010,89,Comedy,6.3,nm0329670,"nm0012602, nm1095895, nm0211516, nm0212423"
tt11511518,2022,90,"Action, Crime, Thriller",4.1,nm0636940,"nm3331125, nm1151533, nm6083596, nm0874711"
tt0068569,1971,108,Drama,7.5,nm0516360,"nm0711605, nm0212674, nm0147016, nm0862939"
tt0073835,1975,94,"Action, Sci-Fi",5.6,nm0167195,"nm0000989, nm0001884, nm0587151, nm0810342"
tt16408428,2021,101,"Action, Comedy, Crime",6.2,nm5001945,"nm5695455, nm1181610, nm5665379, nm13209104"
tt0070323,1973,92,"Comedy, Crime, Drama",5.3,nm0159711,"nm0866986, nm0193260, nm0546439, nm0216850"
tt3895908,2018,90,"Horror, Thriller",3.8,nm6661527,"nm0519217, nm1334923, nm6827199, nm0108362"
tt0117575,1996,99,"Comedy, Drama",6.7,"nm0232504, nm0492305","nm0002000, nm0596297, nm0795517, nm0490513"
tt3629032,2017,108,Horror,2.9,nm1637798,"nm2403367, nm4282021, nm5893507, nm0385288"
tt0444669,2005,90,"Action, Drama, Family",5.7,nm0409454,"nm0001016, nm0836071, nm0662981, nm0008543"
tt1139800,2008,95,"Comedy, Drama",5.8,nm0284774,"nm0524528, nm0954704, nm0000804, nm0169398"
tt0770752,2008,112,"Action, Adventure, Comedy",5.7,nm0855035,"nm0000190, nm0005028, nm0000661, nm1232226"
tt0306228,2003,110,Comedy,5.0,nm1110074,"nm2193532, nm0539503, nm2386870, nm0049245"
tt3992296,2014,97,"Action, Comedy, Romance",4.1,nm1671974,"nm12057535, nm1332956, nm4517985, nm1193571, nm6704351, nm0406921, nm3558225, nm8968100"
tt21816824,2022,89,"Biography, Documentary",7.2,nm0807687,nm1794232
tt1316622,2010,91,"Adventure, Drama, Mystery",5.3,nm1042371,"nm0004778, nm0223518, nm0730455, nm0002343"
tt0343221,2005,111,"Drama, War",7.6,nm0405605,"nm1698949, nm0537523, nm0526581, nm0638824"
tt14022026,2022,102,"Family, Romance",7.3,nm12306530,"nm8873356, nm12337273, nm11747340, nm12306531"
tt0263071,1985,97,"Comedy, Romance",6.9,nm0251027,"nm0784038, nm0226720, nm0785040, nm0344346"
tt0110496,1994,107,"Biography, Drama",5.9,nm0006854,"nm0232703, nm0121651, nm0245356, nm0000614"
tt0079542,1979,108,"Biography, Drama",7.2,nm0111656,"nm0538794, nm0000654, nm0227343, nm0297538"
tt1828124,2013,98,"Documentary, Music",6.2,"nm4234237, nm2496107",nm4127168
tt7222976,2017,138,"Comedy, Thriller",7.9,nm5756213,"nm8740731, nm7744845, nm5672764, nm5930666"
tt0407236,2005,118,"Animation, Comedy, Drama",7.2,nm0840905,"nm0873131, nm0514090, nm0312064, nm0399107"
tt13887128,2021,112,Drama,6.9,nm9122770,"nm0628757, nm0497782, nm9193136"
tt0103880,1992,75,"Comedy, Horror",4.2,"nm0097977, nm0363752","nm0705693, nm0027186, nm0028935, nm0029701"
tt0104231,1992,140,"Adventure, Drama, Romance",6.6,nm0000165,"nm0000129, nm0000173, nm0004959, nm0698764"
tt0476995,2007,111,"Action, Comedy, Family",5.5,nm0390844,"nm1242688, nm0339304, nm0877430, nm0638056"
tt0058458,1964,113,"Drama, Romance",7.5,nm0000076,"nm0220852, nm0233753, nm0070713, nm0147561"
tt0090888,1986,99,"Drama, Music, Mystery",7.1,nm0001353,"nm0001494, nm0784171, nm0000415, nm0608012"
tt11204094,2020,95,"Biography, Comedy, Crime",6.9,nm0585011,"nm0000980, nm0186452, nm0711124, nm0928134"
tt1883160,2011,70,"Drama, Romance",5.2,nm3478746,"nm1951879, nm4403852, nm6137677, nm2474304, nm0065251, nm2071988, nm1961471"
tt0029894,1938,86,"Comedy, Drama",6.4,nm0715346,"nm0517099, nm0516994, nm0930776, nm0712970"
tt4231502,2017,118,"Action, Drama, Sci-Fi",4.6,nm3238451,"nm0584206, nm6940528, nm1409827, nm3376647"
tt2112287,2012,76,"Drama, Fantasy, Horror",5.5,nm2063500,"nm3292413, nm2065025, nm2070870, nm0028440"
tt2626964,2014,112,"Drama, Thriller",6.3,"nm3546728, nm5393678","nm6951153, nm4100042, nm0507207, nm1978579"
tt1045818,2007,93,"Crime, Thriller",5.8,nm0492305,"nm1157324, nm0515002, nm0156492, nm0156567"
tt0088645,1985,94,Drama,6.0,nm1093781,"nm0176599, nm0285209, nm0000111, nm0646983"
tt15744298,2023,108,"Action, Comedy",5.5,nm0603628,"nm1078479, nm1555340, nm0704696, nm0000225"
tt3697566,2014,116,"Action, Crime, Drama",6.7,nm2556572,"nm1195119, nm0974575, nm3641180"
tt1045797,2007,104,"Comedy, Drama",7.0,nm0729764,"nm15572759, nm3207317, nm15572758, nm1145612"
tt3908142,2016,120,"Comedy, Horror, Romance",6.2,nm0082366,"nm6231136, nm0661651, nm3731645, nm1323275"
tt0469802,1979,83,"Comedy, Romance",7.5,nm0947998,"nm0456241, nm0785040, nm0784038, nm0476510"
tt10814494,2019,112,Action,6.0,nm7735393,"nm11482202, nm10990671, nm3132784, nm6596050, nm11242759, nm5781594"
tt3679060,2016,124,"Action, Adventure, Comedy",5.1,nm2539328,"nm1303433, nm3315894, nm2596365, nm0451379"
tt0070488,1973,110,Drama,6.6,nm0799682,"nm0000634, nm0611940, nm0149549, nm0197470"
tt0427910,2005,93,Drama,5.7,nm1759031,"nm1757396, nm2279995, nm2025913, nm3913421"
tt0106545,1993,95,"Action, Comedy, Sci-Fi",5.9,nm0939147,"nm0155562, nm0490489, nm0156484, nm0477209, nm0946873, nm0156467, nm0945189"
tt11052808,2019,118,Drama,7.3,nm5999730,"nm1869756, nm1508003, nm0453605, nm9411915"
tt0093595,1987,215,"Drama, History, Romance",6.3,nm0476806,"nm0668004, nm0548204, nm0513463, nm0952350"
tt0326143,1988,71,"Action, Animation, Fantasy",7.3,nm0945674,"nm0299228, nm0840721, nm0394649, nm0394690"
tt6857956,2018,123,Mystery,6.3,nm0361735,"nm0454120, nm0632497, nm1973760, nm3042346"
tt0107151,1993,145,"Drama, Romance",6.9,nm0000806,"nm0000460, nm0000658, nm0000744, nm0039911"
tt10912532,2019,153,"Comedy, Drama, Fantasy",5.6,nm4998712,"nm0226770, nm11852377, nm0756533, nm4921399"
tt0280496,1999,91,"Action, Crime, Thriller",4.1,nm0151630,"nm0481720, nm0158414, nm0041247, nm0875275"
